<?xml version="1.0" encoding="UTF-8" standalone="yes"?>
<Cards>
	<Card CardID="1" Class="JueDou" Name="决斗" Number="1" Color="2" type="1" index="7" Grade1="10,14" Grade2="5,8" Grade3="4,6" Grade4="3,5" Specials="2,4_106,4_22,6_7,9_206,-6_19,8_9,3_13,8_23,8_54,6"/>
	<Card CardID="2" Class="Shan" Name="闪" Number="2" Color="2" type="1" index="2" Grade1="23,25" Grade2="12,15" Grade3="4,6" Grade4="0,4" Specials="2,4_106,4_22,6_13,8_32,6"/>
	<Card CardID="3" Class="ShunShouQianYang" Name="顺手牵羊" Number="3" Color="2" type="1" index="9" Grade1="15,20" Grade2="10,14" Grade3="6,8" Grade4="3,5" Specials="2,4_106,4_22,6_7,9_206,-6_13,8"/>
	<Card CardID="4" Class="ShunShouQianYang" Name="顺手牵羊" Number="4" Color="2" type="1" index="9" Grade1="15,20" Grade2="10,14" Grade3="6,8" Grade4="3,5" Specials="2,4_106,4_22,6_7,9_206,-6_13,8"/>
	<Card CardID="5" Class="GuanShiFu" Name="贯石斧" Number="5" Color="2" type="1" index="28" Grade1="10,13" Specials="2,4_106,4_22,6_25,8_103,8_153,5_155,7_48,5_55,6_159,5_28,6_13,8_26,5_34,8"/>
	<Card CardID="6" Class="Sha" Name="杀" Number="6" Color="2" type="1" index="1" Grade1="23,25" Grade2="8,12" Grade3="4,7" Grade4="1,3" Specials="22,6_3,7_105,5_39,5_26,5_6,5_107,5_153,5_158,5_152,5_23,5_19,5_5,3_13,8_54,6"/>
	<Card CardID="7" Class="Sha" Name="杀" Number="7" Color="2" type="1" index="1" Grade1="23,25" Grade2="8,12" Grade3="4,7" Grade4="1,3" Specials="22,6_3,7_105,5_39,5_26,5_6,5_107,5_153,5_158,5_152,5_23,5_19,5_5,3_13,8_54,6"/>
	<Card CardID="8" Class="Sha" Name="杀" Number="8" Color="2" type="1" index="1" Grade1="23,25" Grade2="8,12" Grade3="4,7" Grade4="1,3" Specials="22,6_3,7_105,5_39,5_26,5_6,5_107,5_153,5_158,5_152,5_23,5_19,5_5,3_13,8_54,6"/>
	<Card CardID="9" Class="Sha" Name="杀" Number="9" Color="2" type="1" index="1" Grade1="23,25" Grade2="8,12" Grade3="4,7" Grade4="1,3" Specials="22,6_3,7_105,5_39,5_26,5_6,5_107,5_153,5_158,5_152,5_23,5_19,5_5,3_13,8_54,6"/>
	<Card CardID="10" Class="Sha" Name="杀" Number="10" Color="2" type="1" index="1" Grade1="23,25" Grade2="8,12" Grade3="4,7" Grade4="1,3" Specials="22,6_3,7_105,5_39,5_26,5_6,5_107,5_153,5_158,5_152,5_23,5_19,5_5,3_13,8_54,6"/>
	<Card CardID="11" Class="Shan" Name="闪" Number="11" Color="2" type="1" index="2" Grade1="23,25" Grade2="12,15" Grade3="4,6" Grade4="0,4" Specials="2,4_106,4_22,6_5,3_13,8_32,6_38,4_46,4_152,4"/>
	<Card CardID="12" Class="FangTianHuaJi" Name="方天画戟" Number="12" Color="2" type="1" index="29" Grade1="10,14" Grade2="10,14" Specials="2,4_106,4_22,6_25,8_103,8_153,5_155,7_48,5_55,6_159,5_28,6_13,8_26,6_34,8_38,5_46,5_152,5"/>
	<Card CardID="13" Class="ZiXing" Name="紫騂" Number="13" Color="2" type="1" index="34" Grade1="10,12" Grade2="4,6" Grade3="2,4" Specials="2,4_106,4_22,6_25,8_103,8_153,5_155,7_48,5_55,6_159,5_28,6_13,8_27,8_38,6_46,6_152,6"/>
	<Card CardID="14" Class="ZhuGeLianNu" Name="诸葛连弩" Number="1" Color="2" type="1" index="22" Grade1="10,12" Grade2="2,4" Specials="2,4_106,4_22,6_25,8_103,8_153,5_155,7_48,5_55,6_159,5_28,6_13,8_11,12_10,12_34,8"/>
	<Card CardID="15" Class="Shan" Name="闪" Number="2" Color="2" type="1" index="2" Grade1="23,25" Grade2="12,15" Grade3="4,6" Grade4="0,4" Specials="2,4_106,4_22,6_5,3_13,8_32,6"/>
	<Card CardID="16" Class="Shan" Name="闪" Number="3" Color="2" type="1" index="2" Grade1="23,25" Grade2="12,15" Grade3="4,6" Grade4="0,4" Specials="2,4_106,4_22,6_5,3_13,8_32,6"/>
	<Card CardID="17" Class="Shan" Name="闪" Number="4" Color="2" type="1" index="2" Grade1="23,25" Grade2="12,15" Grade3="4,6" Grade4="0,4" Specials="2,4_106,4_22,6_5,3_13,8_32,6"/>
	<Card CardID="18" Class="Shan" Name="闪" Number="5" Color="2" type="1" index="2" Grade1="23,25" Grade2="12,15" Grade3="4,6" Grade4="0,4" Specials="2,4_106,4_22,6_5,3_13,8_32,6"/>
	<Card CardID="19" Class="Shan" Name="闪" Number="6" Color="2" type="1" index="2" Grade1="23,25" Grade2="12,15" Grade3="4,6" Grade4="0,4" Specials="2,4_106,4_22,6_5,3_13,8_32,6"/>
	<Card CardID="20" Class="Shan" Name="闪" Number="7" Color="2" type="1" index="2" Grade1="23,25" Grade2="12,15" Grade3="4,6" Grade4="0,4" Specials="2,4_106,4_22,6_5,3_13,8_32,6"/>
	<Card CardID="21" Class="Shan" Name="闪" Number="8" Color="2" type="1" index="2" Grade1="23,25" Grade2="12,15" Grade3="4,6" Grade4="0,4" Specials="2,4_106,4_22,6_5,3_13,8_32,6"/>
	<Card CardID="22" Class="Shan" Name="闪" Number="9" Color="2" type="1" index="2" Grade1="23,25" Grade2="12,15" Grade3="4,6" Grade4="0,4" Specials="2,4_106,4_22,6_5,3_13,8_32,6"/>
	<Card CardID="23" Class="Shan" Name="闪" Number="10" Color="2" type="1" index="2" Grade1="23,25" Grade2="12,15" Grade3="4,6" Grade4="0,4" Specials="2,4_106,4_22,6_5,3_13,8_32,6"/>
	<Card CardID="24" Class="Shan" Name="闪" Number="11" Color="2" type="1" index="2" Grade1="23,25" Grade2="12,15" Grade3="4,6" Grade4="0,4" Specials="2,4_106,4_22,6_5,3_13,8_32,6_38,4_46,4_152,4"/>
	<Card CardID="25" Class="Tao" Name="桃" Number="12" Color="2" type="1" index="3" Grade1="23,25" Grade2="15,20" Grade3="8,12" Grade4="4,6" Specials="2,4_106,4_13,8_11,7_13,8_20,8_35,8_38,5_46,5_152,5"/>
	<Card CardID="26" Class="Sha" Name="杀" Number="13" Color="2" type="1" index="1" Grade1="23,25" Grade2="8,12" Grade3="4,7" Grade4="1,3" Specials="22,6_3,7_105,5_39,5_26,5_6,5_107,5_153,5_158,5_152,5_23,5_19,5_5,3_13,8_38,6_46,6_152,6_54,6"/>
	<Card CardID="27" Class="WanJianQiFa" Name="万箭齐发" Number="1" Color="1" type="1" index="10" Grade1="14,17" Specials="2,4_106,4_22,6_7,9_206,-6_30,5_33,7_154,7"/>
	<Card CardID="28" Class="Shan" Name="闪" Number="2" Color="1" type="1" index="2" Grade1="23,25" Grade2="12,15" Grade3="4,6" Grade4="0,4" Specials="2,4_106,4_22,6_5,3_30,5_32,6_33,7_154,7"/>
	<Card CardID="29" Class="WuGuFengDeng" Name="五谷丰登" Number="3" Color="1" type="1" index="14" Grade1="10,14" Grade2="10,14" Specials="2,4_106,4_22,6_7,9_206,-6_30,5_33,7_154,7"/>
	<Card CardID="30" Class="WuGuFengDeng" Name="五谷丰登" Number="4" Color="1" type="1" index="14" Grade1="10,14" Grade2="10,14" Specials="2,4_106,4_22,6_7,9_206,-6_30,5_33,7_154,7"/>
	<Card CardID="31" Class="ChiTu" Name="赤兔" Number="5" Color="1" type="1" index="34" Grade1="10,12" Grade2="4,6" Grade3="2,4" Specials="2,4_106,4_22,6_25,8_103,8_153,5_155,7_48,5_55,6_159,5_28,6_27,8_30,5_154,7"/>
	<Card CardID="32" Class="LeBuSiShu" Name="乐不思蜀" Number="6" Color="1" type="1" index="16" Grade1="16,20" Grade2="14,16" Grade3="9,11" Specials="2,4_106,4_22,6_30,5_154,7"/>
	<Card CardID="33" Class="WuZhongShengYou" Name="无中生有" Number="7" Color="1" type="1" index="13" Grade1="21,23" Grade2="21,23" Grade3="21,23" Grade4="21,23" Specials="2,4_106,4_22,6_7,9_206,-6_30,5_33,7_154,7"/>
	<Card CardID="34" Class="WuZhongShengYou" Name="无中生有" Number="8" Color="1" type="1" index="13" Grade1="21,23" Grade2="21,23" Grade3="21,23" Grade4="21,23" Specials="2,4_106,4_22,6_7,9_206,-6_30,5_33,7_154,7"/>
	<Card CardID="35" Class="WuZhongShengYou" Name="无中生有" Number="9" Color="1" type="1" index="13" Grade1="21,23" Grade2="21,23" Grade3="21,23" Grade4="21,23" Specials="2,4_106,4_22,6_7,9_206,-6_30,5_33,7_154,7"/>
	<Card CardID="36" Class="Sha" Name="杀" Number="10" Color="1" type="1" index="1" Grade1="23,25" Grade2="8,12" Grade3="4,7" Grade4="1,3" Specials="22,6_3,7_105,5_39,5_26,5_6,5_107,5_153,5_158,5_152,5_23,5_19,5_5,3_30,5_33,7_154,7_54,6"/>
	<Card CardID="37" Class="WuZhongShengYou" Name="无中生有" Number="11" Color="1" type="1" index="13" Grade1="21,23" Grade2="21,23" Grade3="21,23" Grade4="21,23" Specials="2,4_106,4_22,6_7,9_206,-6_30,5_33,7_38,4_46,4_152,4_154,7"/>
	<Card CardID="38" Class="GuoHeChaiQiao" Name="过河拆桥" Number="12" Color="1" type="1" index="8" Grade1="12,14" Grade2="5,9" Grade3="4,7" Grade4="3,5" Specials="2,4_106,4_22,6_7,9_206,-6_30,5_33,7_38,5_46,5_152,5_154,7"/>
	<Card CardID="39" Class="Shan" Name="闪" Number="13" Color="1" type="1" index="2" Grade1="23,25" Grade2="12,15" Grade3="4,6" Grade4="0,4" Specials="2,4_106,4_22,6_5,3_30,5_32,6_33,7_38,6_46,6_152,6_154,7"/>
	<Card CardID="40" Class="TaoYuanJieYi" Name="桃园结义" Number="1" Color="1" type="1" index="12" Grade1="8,12" Specials="2,4_106,4_22,6_7,9_206,-6_30,5_33,7_154,7"/>
	<Card CardID="41" Class="Shan" Name="闪" Number="2" Color="1" type="1" index="2" Grade1="23,25" Grade2="12,15" Grade3="4,6" Grade4="0,4" Specials="2,4_106,4_22,6_5,3_30,5_32,6_33,7_154,7"/>
	<Card CardID="42" Class="Tao" Name="桃" Number="3" Color="1" type="1" index="3" Grade1="23,25" Grade2="15,20" Grade3="8,12" Grade4="4,6" Specials="2,4_106,4_11,7_30,5_33,7_20,8_35,8_154,7"/>
	<Card CardID="43" Class="Tao" Name="桃" Number="4" Color="1" type="1" index="3" Grade1="23,25" Grade2="15,20" Grade3="8,12" Grade4="4,6" Specials="2,4_106,4_11,7_30,5_33,7_20,8_35,8_154,7"/>
	<Card CardID="44" Class="QiLinGong" Name="麒麟弓" Number="5" Color="1" type="1" index="30" Grade1="10,14" Specials="2,4_106,4_22,6_25,8_103,8_153,5_155,7_48,5_55,6_159,5_28,6_26,6_30,5_34,8_154,7"/>
	<Card CardID="45" Class="Tao" Name="桃" Number="6" Color="1" type="1" index="3" Grade1="23,25" Grade2="15,20" Grade3="8,12" Grade4="4,6" Specials="2,4_106,4_20,8_35,8_11,7_30,5_33,7_154,7"/>
	<Card CardID="46" Class="Tao" Name="桃" Number="7" Color="1" type="1" index="3" Grade1="23,25" Grade2="15,20" Grade3="8,12" Grade4="4,6" Specials="2,4_106,4_20,8_35,8_11,7_30,5_33,7_154,7"/>
	<Card CardID="47" Class="Tao" Name="桃" Number="8" Color="1" type="1" index="3" Grade1="23,25" Grade2="15,20" Grade3="8,12" Grade4="4,6" Specials="2,4_106,4_20,8_35,8_11,7_30,5_33,7_154,7"/>
	<Card CardID="48" Class="Tao" Name="桃" Number="9" Color="1" type="1" index="3" Grade1="23,25" Grade2="15,20" Grade3="8,12" Grade4="4,6" Specials="2,4_106,4_20,8_35,8_11,7_30,5_33,7_154,7"/>
	<Card CardID="49" Class="Sha" Name="杀" Number="10" Color="1" type="1" index="1" Grade1="23,25" Grade2="8,12" Grade3="4,7" Grade4="1,3" Specials="22,6_3,7_105,5_39,5_26,5_6,5_107,5_153,5_158,5_152,5_23,5_19,5_5,3_30,5_33,7_154,7_54,6"/>
	<Card CardID="50" Class="Sha" Name="杀" Number="11" Color="1" type="1" index="1" Grade1="23,25" Grade2="8,12" Grade3="4,7" Grade4="1,3" Specials="22,6_3,7_105,5_39,5_26,5_6,5_107,5_153,5_158,5_152,5_23,5_19,5_5,3_30,5_33,7_38,4_46,4_152,4_154,7_54,6"/>
	<Card CardID="51" Class="Tao" Name="桃" Number="12" Color="1" type="1" index="3" Grade1="23,25" Grade2="15,20" Grade3="8,12" Grade4="4,6" Specials="2,4_106,4_11,7_30,5_33,7_20,8_35,8_38,5_46,5_152,5_154,7"/>
	<Card CardID="52" Class="ZhuaHuangFeiDian" Name="爪黄飞电" Number="13" Color="1" type="1" index="33" Grade1="13,16" Grade2="4,6" Grade3="2,4" Grade4="2,4" Specials="2,4_106,4_22,6_25,8_103,8_153,5_155,7_48,5_55,6_159,5_28,6_30,5_38,6_46,6_152,6_154,7"/>
	<Card CardID="53" Class="JueDou" Name="决斗" Number="1" Color="4" type="1" index="7" Grade1="10,14" Grade2="5,8" Grade3="4,6" Grade4="3,5" Specials="7,9_206,-6_21,5_9,7_19,8_23,8_36,6_54,6"/>
	<Card CardID="54" Class="Sha" Name="杀" Number="2" Color="4" type="1" index="1" Grade1="23,25" Grade2="8,12" Grade3="4,7" Grade4="1,3" Specials="3,7_105,5_39,5_26,5_6,5_107,5_153,5_158,5_152,5_23,5_19,5_5,3_21,5_9,7_36,6_42,6"/>
	<Card CardID="55" Class="Sha" Name="杀" Number="3" Color="4" type="1" index="1" Grade1="23,25" Grade2="8,12" Grade3="4,7" Grade4="1,3" Specials="3,7_105,5_39,5_26,5_6,5_107,5_153,5_158,5_152,5_23,5_19,5_5,3_21,5_9,7_36,6_42,6"/>
	<Card CardID="56" Class="Sha" Name="杀" Number="4" Color="4" type="1" index="1" Grade1="23,25" Grade2="8,12" Grade3="4,7" Grade4="1,3" Specials="3,7_105,5_39,5_26,5_6,5_107,5_153,5_158,5_152,5_23,5_19,5_5,3_21,5_9,7_36,6_42,6"/>
	<Card CardID="57" Class="Sha" Name="杀" Number="5" Color="4" type="1" index="1" Grade1="23,25" Grade2="8,12" Grade3="4,7" Grade4="1,3" Specials="3,7_105,5_39,5_26,5_6,5_107,5_153,5_158,5_152,5_23,5_19,5_5,3_21,5_9,7_36,6_42,6"/>
	<Card CardID="58" Class="Sha" Name="杀" Number="6" Color="4" type="1" index="1" Grade1="23,25" Grade2="8,12" Grade3="4,7" Grade4="1,3" Specials="3,7_105,5_39,5_26,5_6,5_107,5_153,5_158,5_152,5_23,5_19,5_5,3_21,5_9,7_36,6_42,6"/>
	<Card CardID="59" Class="Sha" Name="杀" Number="7" Color="4" type="1" index="1" Grade1="23,25" Grade2="8,12" Grade3="4,7" Grade4="1,3" Specials="3,7_105,5_39,5_26,5_6,5_107,5_153,5_158,5_152,5_23,5_19,5_5,3_21,5_9,7_36,6_42,6"/>
	<Card CardID="60" Class="Sha" Name="杀" Number="8" Color="4" type="1" index="1" Grade1="23,25" Grade2="8,12" Grade3="4,7" Grade4="1,3" Specials="3,7_105,5_39,5_26,5_6,5_107,5_153,5_158,5_152,5_23,5_19,5_5,3_21,5_9,7_36,6_42,6"/>
	<Card CardID="61" Class="Sha" Name="杀" Number="9" Color="4" type="1" index="1" Grade1="23,25" Grade2="8,12" Grade3="4,7" Grade4="1,3" Specials="3,7_105,5_39,5_26,5_6,5_107,5_153,5_158,5_152,5_23,5_19,5_5,3_21,5_9,7_36,6_42,6"/>
	<Card CardID="62" Class="Sha" Name="杀" Number="10" Color="4" type="1" index="1" Grade1="23,25" Grade2="8,12" Grade3="4,7" Grade4="1,3" Specials="3,7_105,5_39,5_26,5_6,5_107,5_153,5_158,5_152,5_23,5_19,5_5,3_21,5_9,7_36,6_42,6"/>
	<Card CardID="63" Class="Sha" Name="杀" Number="11" Color="4" type="1" index="1" Grade1="23,25" Grade2="8,12" Grade3="4,7" Grade4="1,3" Specials="3,7_105,5_39,5_26,5_6,5_107,5_153,5_158,5_152,5_23,5_19,5_5,3_21,5_9,7_36,6_38,4_46,4_152,4_42,6"/>
	<Card CardID="64" Class="WuXieKeJi" Name="无懈可击" Number="12" Color="4" type="1" index="18" Grade1="23,25" Grade2="14,16" Grade3="7,9" Grade4="5,7" Specials="7,9_206,-6_21,5_9,7_36,6_38,5_46,5_152,5"/>
	<Card CardID="65" Class="WuXieKeJi" Name="无懈可击" Number="13" Color="4" type="1" index="18" Grade1="23,25" Grade2="14,16" Grade3="7,9" Grade4="5,7" Specials="7,9_206,-6_21,5_9,7_36,6_38,6_46,6_152,6"/>
	<Card CardID="66" Class="ZhuGeLianNu" Name="诸葛连弩" Number="1" Color="4" type="1" index="22" Grade1="10,12" Grade2="2,4" Specials="25,8_103,8_153,5_155,7_48,5_55,6_159,5_28,6_21,5_9,7_11,12_10,12_34,8_36,6_42,7"/>
	<Card CardID="67" Class="BaGuaZhen" Name="八卦阵" Number="2" Color="4" type="1" index="31" Grade1="12,17" Grade2="5,8" Specials="25,8_103,8_153,5_155,7_48,5_55,6_159,5_28,6_21,5_9,7_36,6_42,7"/>
	<Card CardID="68" Class="GuoHeChaiQiao" Name="过河拆桥" Number="3" Color="4" type="1" index="8" Grade1="12,14" Grade2="5,9" Grade3="4,7" Grade4="3,5" Specials="7,9_206,-6_21,5_9,7_36,6"/>
	<Card CardID="69" Class="GuoHeChaiQiao" Name="过河拆桥" Number="4" Color="4" type="1" index="8" Grade1="12,14" Grade2="5,9" Grade3="4,7" Grade4="3,5" Specials="7,9_206,-6_21,5_9,7_36,6"/>
	<Card CardID="70" Class="DiLu" Name="的卢" Number="5" Color="4" type="1" index="33" Grade1="13,16" Grade2="4,6" Grade3="2,4" Grade4="2,4" Specials="25,8_103,8_153,5_155,7_48,5_55,6_159,5_28,6_21,5_9,7_36,6_42,7"/>
	<Card CardID="71" Class="LeBuSiShu" Name="乐不思蜀" Number="6" Color="4" type="1" index="16" Grade1="16,20" Grade2="14,16" Grade3="9,11" Specials="21,5_9,7_36,6"/>
	<Card CardID="72" Class="NanManRuQin" Name="南蛮入侵" Number="7" Color="4" type="1" index="11" Grade1="12,14" Grade2="8,10" Grade3="4,7" Specials="7,9_206,-6_21,5_9,7_36,6"/>
	<Card CardID="73" Class="Sha" Name="杀" Number="8" Color="4" type="1" index="1" Grade1="23,25" Grade2="8,12" Grade3="4,7" Grade4="1,3" Specials="3,7_105,5_39,5_26,5_6,5_107,5_153,5_158,5_152,5_23,5_19,5_5,3_21,5_9,7_36,6_42,6"/>
	<Card CardID="74" Class="Sha" Name="杀" Number="9" Color="4" type="1" index="1" Grade1="23,25" Grade2="8,12" Grade3="4,7" Grade4="1,3" Specials="3,7_105,5_39,5_26,5_6,5_107,5_153,5_158,5_152,5_23,5_19,5_5,3_21,5_9,7_36,6_42,6"/>
	<Card CardID="75" Class="Sha" Name="杀" Number="10" Color="4" type="1" index="1" Grade1="23,25" Grade2="8,12" Grade3="4,7" Grade4="1,3" Specials="3,7_105,5_39,5_26,5_6,5_107,5_153,5_158,5_152,5_23,5_19,5_5,3_21,5_9,7_36,6_42,6"/>
	<Card CardID="76" Class="Sha" Name="杀" Number="11" Color="4" type="1" index="1" Grade1="23,25" Grade2="8,12" Grade3="4,7" Grade4="1,3" Specials="3,7_105,5_39,5_26,5_6,5_107,5_153,5_158,5_152,5_23,5_19,5_5,3_21,5_9,7_36,6_38,4_46,4_152,4_42,6"/>
	<Card CardID="77" Class="JieDaoShaRen" Name="借刀杀人" Number="12" Color="4" type="1" index="15" Grade1="14,16" Grade2="7,9" Specials="7,9_206,-6_21,5_9,7_36,6_38,5_46,5_152,5"/>
	<Card CardID="78" Class="JieDaoShaRen" Name="借刀杀人" Number="13" Color="4" type="1" index="15" Grade1="14,16" Grade2="7,9" Specials="7,9_206,-6_21,5_9,7_36,6_38,6_46,6_152,6"/>
	<Card CardID="79" Class="JueDou" Name="决斗" Number="1" Color="3" type="1" index="7" Grade1="10,14" Grade2="5,8" Grade3="4,6" Grade4="3,5" Specials="7,9_206,-6_21,5_9,7_19,8_23,8_30,5_32,5_45,7_54,6"/>
	<Card CardID="80" Class="CiXiongShuangGuJian" Name="雌雄双股剑" Number="2" Color="3" type="1" index="23" Grade1="10,12" Specials="25,8_103,8_153,5_155,7_48,5_55,6_159,5_28,6_21,5_9,7_26,4_30,5_32,5_45,7_34,8_42,7"/>
	<Card CardID="81" Class="ShunShouQianYang" Name="顺手牵羊" Number="3" Color="3" type="1" index="9" Grade1="15,20" Grade2="10,14" Grade3="6,8" Grade4="3,5" Specials="7,9_206,-6_21,5_9,7_30,5_32,5_45,7"/>
	<Card CardID="82" Class="ShunShouQianYang" Name="顺手牵羊" Number="4" Color="3" type="1" index="9" Grade1="15,20" Grade2="10,14" Grade3="6,8" Grade4="3,5" Specials="7,9_206,-6_21,5_9,7_30,5_32,5_45,7"/>
	<Card CardID="83" Class="JueYing" Name="绝影" Number="5" Color="3" type="1" index="33" Grade1="13,16" Grade2="4,6" Grade3="2,4" Grade4="2,4" Specials="25,8_103,8_153,5_155,7_48,5_55,6_159,5_28,6_21,5_9,7_30,5_32,5_45,7_42,7"/>
	<Card CardID="84" Class="QingGangJian" Name="青釭剑" Number="6" Color="3" type="1" index="25" Grade1="10,12" Specials="25,8_103,8_153,5_155,7_48,5_55,6_159,5_28,6_21,5_9,7_26,4_30,5_32,5_45,7_34,8_42,7"/>
	<Card CardID="85" Class="Sha" Name="杀" Number="7" Color="3" type="1" index="1" Grade1="23,25" Grade2="8,12" Grade3="4,7" Grade4="1,3" Specials="3,7_105,5_39,5_26,5_6,5_107,5_153,5_158,5_152,5_23,5_19,5_5,3_21,5_9,7_30,5_32,5_45,7_42,6"/>
	<Card CardID="86" Class="Sha" Name="杀" Number="8" Color="3" type="1" index="1" Grade1="23,25" Grade2="8,12" Grade3="4,7" Grade4="1,3" Specials="3,7_105,5_39,5_26,5_6,5_107,5_153,5_158,5_152,5_23,5_19,5_5,3_21,5_9,7_30,5_32,5_45,7_42,6"/>
	<Card CardID="87" Class="Sha" Name="杀" Number="9" Color="3" type="1" index="1" Grade1="23,25" Grade2="8,12" Grade3="4,7" Grade4="1,3" Specials="3,7_105,5_39,5_26,5_6,5_107,5_153,5_158,5_152,5_23,5_19,5_5,3_21,5_9,7_30,5_32,5_45,7_42,6"/>
	<Card CardID="88" Class="Sha" Name="杀" Number="10" Color="3" type="1" index="1" Grade1="23,25" Grade2="8,12" Grade3="4,7" Grade4="1,3" Specials="3,7_105,5_39,5_26,5_6,5_107,5_153,5_158,5_152,5_23,5_19,5_5,3_21,5_9,7_30,5_32,5_45,7_42,6"/>
	<Card CardID="89" Class="ShunShouQianYang" Name="顺手牵羊" Number="11" Color="3" type="1" index="9" Grade1="15,20" Grade2="10,14" Grade3="6,8" Grade4="3,5" Specials="7,9_206,-6_21,5_9,7_30,5_32,5_45,7_38,4_46,4_152,4"/>
	<Card CardID="90" Class="GuoHeChaiQiao" Name="过河拆桥" Number="12" Color="3" type="1" index="8" Grade1="12,14" Grade2="5,9" Grade3="4,7" Grade4="3,5" Specials="7,9_206,-6_21,5_9,7_30,5_32,5_45,7_38,5_46,5_152,5"/>
	<Card CardID="91" Class="NanManRuQin" Name="南蛮入侵" Number="13" Color="3" type="1" index="11" Grade1="12,14" Grade2="8,10" Grade3="4,7" Specials="7,9_206,-6_21,5_9,7_30,5_32,5_45,7_38,6_46,6_152,6"/>
	<Card CardID="92" Class="ShanDian" Name="闪电" Number="1" Color="3" type="1" index="17" Grade1="5,7" Grade2="2,5" Specials="21,5_9,7_30,5_32,5_45,7"/>
	<Card CardID="93" Class="BaGuaZhen" Name="八卦阵" Number="2" Color="3" type="1" index="31" Grade1="12,17" Grade2="5,8" Specials="25,8_103,8_153,5_155,7_48,5_55,6_159,5_28,6_21,5_9,7_30,5_32,5_45,7_42,7"/>
	<Card CardID="94" Class="GuoHeChaiQiao" Name="过河拆桥" Number="3" Color="3" type="1" index="8" Grade1="12,14" Grade2="5,9" Grade3="4,7" Grade4="3,5" Specials="7,9_206,-6_21,5_9,7_30,5_32,5_45,7"/>
	<Card CardID="95" Class="GuoHeChaiQiao" Name="过河拆桥" Number="4" Color="3" type="1" index="8" Grade1="12,14" Grade2="5,9" Grade3="4,7" Grade4="3,5" Specials="7,9_206,-6_21,5_9,7_30,5_32,5_45,7"/>
	<Card CardID="96" Class="QingLongYanYueDao" Name="青龙偃月刀" Number="5" Color="3" type="1" index="26" Grade1="10,13" Specials="25,8_103,8_153,5_155,7_48,5_55,6_159,5_28,6_21,5_9,7_26,5_30,5_32,5_45,7_34,8_42,7"/>
	<Card CardID="97" Class="LeBuSiShu" Name="乐不思蜀" Number="6" Color="3" type="1" index="16" Grade1="16,20" Grade2="14,16" Grade3="9,11" Specials="21,5_9,7_30,5_32,5_45,7"/>
	<Card CardID="98" Class="NanManRuQin" Name="南蛮入侵" Number="7" Color="3" type="1" index="11" Grade1="12,14" Grade2="8,10" Grade3="4,7" Specials="7,9_206,-6_21,5_9,7_30,5_32,5_45,7"/>
	<Card CardID="99" Class="Sha" Name="杀" Number="8" Color="3" type="1" index="1" Grade1="23,25" Grade2="8,12" Grade3="4,7" Grade4="1,3" Specials="3,7_105,5_39,5_26,5_6,5_107,5_153,5_158,5_152,5_23,5_19,5_5,3_21,5_9,7_30,5_32,5_45,7_42,6"/>
	<Card CardID="100" Class="Sha" Name="杀" Number="9" Color="3" type="1" index="1" Grade1="23,25" Grade2="8,12" Grade3="4,7" Grade4="1,3" Specials="3,7_105,5_39,5_26,5_6,5_107,5_153,5_158,5_152,5_23,5_19,5_5,3_21,5_9,7_30,5_32,5_45,7_42,6"/>
	<Card CardID="101" Class="Sha" Name="杀" Number="10" Color="3" type="1" index="1" Grade1="23,25" Grade2="8,12" Grade3="4,7" Grade4="1,3" Specials="3,7_105,5_39,5_26,5_6,5_107,5_153,5_158,5_152,5_23,5_19,5_5,3_21,5_9,7_30,5_32,5_45,7_42,6"/>
	<Card CardID="102" Class="WuXieKeJi" Name="无懈可击" Number="11" Color="3" type="1" index="18" Grade1="23,25" Grade2="14,16" Grade3="7,9" Grade4="5,7" Specials="7,9_206,-6_21,5_9,7_30,5_32,5_45,7_38,4_46,4_152,4"/>
	<Card CardID="103" Class="ZhangBaSheMao" Name="丈八蛇矛" Number="12" Color="3" type="1" index="27" Grade1="10,13" Specials="25,8_103,8_153,5_155,7_48,5_55,6_159,5_28,6_21,5_9,7_26,5_30,5_32,5_45,7_34,8_38,5_46,5_152,5_42,7"/>
	<Card CardID="104" Class="DaWan" Name="大宛" Number="13" Color="3" type="1" index="34" Grade1="10,12" Grade2="4,6" Grade3="2,4" Specials="25,8_103,8_153,5_155,7_48,5_55,6_159,5_28,6_21,5_9,7_27,8_30,5_32,5_45,7_38,6_46,6_152,6_42,7"/>
	<Card CardID="105" Class="ShanDian" Name="闪电" Number="12" Color="1" type="2" index="17" Grade1="5,7" Grade2="2,5" Specials="2,4_106,4_22,6_30,5_38,5_46,5_152,5_154,7"/>
	<Card CardID="106" Class="WuXieKeJi" Name="无懈可击" Number="12" Color="2" type="2" index="18" Grade1="23,25" Grade2="14,16" Grade3="7,9" Grade4="5,7" Specials="2,4_106,4_22,6_7,9_206,-6_13,8_38,5_46,5_152,5"/>
	<Card CardID="107" Class="RenWangDun" Name="仁王盾" Number="2" Color="4" type="2" index="32" Grade1="13,18" Specials="25,8_103,8_153,5_155,7_48,5_55,6_159,5_28,6_21,5_9,7_36,6_42,7"/>
	<Card CardID="108" Class="HanBingJian" Name="寒冰剑" Number="2" Color="3" type="2" index="24" Grade1="10,12" Specials="25,8_103,8_153,5_155,7_48,5_55,6_159,5_28,6_21,5_9,7_26,4_30,5_32,5_45,7_34,8_42,7"/>
	<Card CardID="109" Class="WuXieKeJi" Name="无懈可击" Number="1" Color="1" type="8" index="18" Grade1="23,25" Grade2="14,16" Grade3="7,9" Grade4="5,7" Specials="2,4_106,4_22,6_7,9_206,-6_30,5_33,7_154,7"/>
	<Card CardID="110" Class="HuoGong" Name="火攻" Number="2" Color="1" type="8" index="19" Grade1="8,12" Grade2="6,10" Grade3="4,7" Grade4="3,5" Specials="2,4_106,4_22,6_7,9_206,-6_30,5_33,7_154,7"/>
	<Card CardID="111" Class="HuoGong" Name="火攻" Number="3" Color="1" type="8" index="19" Grade1="8,12" Grade2="6,10" Grade3="4,7" Grade4="3,5" Specials="2,4_106,4_22,6_7,9_206,-6_30,5_33,7_154,7"/>
	<Card CardID="112" Class="HuoSha" Name="火杀" Number="4" Color="1" type="8" index="5" Grade1="23,25" Grade2="8,12" Grade3="4,7" Grade4="1,3" Specials="22,6,5,7_105,5_39,5_26,5_6,2_107,5_153,5_158,5_152,5_23,5_19,5_5,3_30,5_33,7_154,7_54,6"/>
	<Card CardID="113" Class="Tao" Name="桃" Number="5" Color="1" type="8" index="3" Grade1="23,25" Grade2="15,20" Grade3="8,12" Grade4="4,6" Specials="2,4_106,4_11,7_30,5_33,7_20,8_35,8_154,7"/>
	<Card CardID="114" Class="Tao" Name="桃" Number="6" Color="1" type="8" index="3" Grade1="23,25" Grade2="15,20" Grade3="8,12" Grade4="4,6" Specials="2,4_106,4_13,4_11,7_30,5_33,7_20,8_35,8_154,7"/>
	<Card CardID="115" Class="HuoSha" Name="火杀" Number="7" Color="1" type="8" index="5" Grade1="23,25" Grade2="8,12" Grade3="4,7" Grade4="1,3" Specials="22,6,5,7_105,5_39,5_26,5_6,2_107,5_153,5_158,5_152,5_23,5_19,5_5,3_30,5_33,7_154,7_54,6"/>
	<Card CardID="116" Class="Shan" Name="闪" Number="8" Color="1" type="8" index="2" Grade1="23,25" Grade2="12,15" Grade3="4,6" Grade4="0,4" Specials="2,4_106,4_22,6_5,3_30,5_32,6_33,7_154,7"/>
	<Card CardID="117" Class="Shan" Name="闪" Number="9" Color="1" type="8" index="2" Grade1="23,25" Grade2="12,15" Grade3="4,6" Grade4="0,4" Specials="2,4_106,4_22,6_5,3_30,5_32,6_33,7_154,7"/>
	<Card CardID="118" Class="HuoSha" Name="火杀" Number="10" Color="1" type="8" index="5" Grade1="23,25" Grade2="8,12" Grade3="4,7" Grade4="1,3" Specials="22,6,5,7_105,5_39,5_26,5_6,2_107,5_153,5_158,5_152,5_23,5_19,5_5,3_30,5_33,7_154,7_54,6"/>
	<Card CardID="119" Class="Shan" Name="闪" Number="11" Color="1" type="8" index="2" Grade1="23,25" Grade2="12,15" Grade3="4,6" Grade4="0,4" Specials="2,4_106,4_22,6_5,3_30,5_32,6_33,7_38,4_46,4_152,4_154,7"/>
	<Card CardID="120" Class="Shan" Name="闪" Number="12" Color="1" type="8" index="2" Grade1="23,25" Grade2="12,15" Grade3="4,6" Grade4="0,4" Specials="2,4_106,4_22,6_5,3_30,5_32,6_33,7_38,5_46,5_152,5_154,7"/>
	<Card CardID="121" Class="WuXieKeJi" Name="无懈可击" Number="13" Color="1" type="8" index="18" Grade1="23,25" Grade2="14,16" Grade3="7,9" Grade4="5,7" Specials="2,4_106,4_22,6_7,9_206,-6_30,5_33,7_38,6_46,6_152,6_154,7"/>
	<Card CardID="122" Class="ZhuQueYuShan" Name="朱雀羽扇" Number="1" Color="2" type="8" index="36" Grade1="10,14" Specials="2,4_106,4_22,6_25,8_103,8_153,5_155,7_48,5_55,6_159,5_28,6_13,8_26,6_34,8"/>
	<Card CardID="123" Class="Tao" Name="桃" Number="2" Color="2" type="8" index="3" Grade1="23,25" Grade2="15,20" Grade3="8,12" Grade4="4,6" Specials="2,4_106,4_13,8_11,7_13,8_20,8_35,8"/>
	<Card CardID="124" Class="Tao" Name="桃" Number="3" Color="2" type="8" index="3" Grade1="23,25" Grade2="15,20" Grade3="8,12" Grade4="4,6" Specials="2,4_106,4_13,8_11,7_13,8_20,8_35,8"/>
	<Card CardID="125" Class="HuoSha" Name="火杀" Number="4" Color="2" type="8" index="5" Grade1="23,25" Grade2="8,12" Grade3="4,7" Grade4="1,3" Specials="22,6,5,7_105,5_39,5_26,5_6,2_107,5_153,5_158,5_152,5_23,5_19,5_5,3_13,8_54,6"/>
	<Card CardID="126" Class="HuoSha" Name="火杀" Number="5" Color="2" type="8" index="5" Grade1="23,25" Grade2="8,12" Grade3="4,7" Grade4="1,3" Specials="22,6,5,7_105,5_39,5_26,5_6,2_107,5_153,5_158,5_152,5_23,5_19,5_5,3_13,8_54,6"/>
	<Card CardID="127" Class="Shan" Name="闪" Number="6" Color="2" type="8" index="2" Grade1="23,25" Grade2="12,15" Grade3="4,6" Grade4="0,4" Specials="2,4_106,4_22,6_5,3_13,8_32,6"/>
	<Card CardID="128" Class="Shan" Name="闪" Number="7" Color="2" type="8" index="2" Grade1="23,25" Grade2="12,15" Grade3="4,6" Grade4="0,4" Specials="2,4_106,4_22,6_5,3_13,8_32,6"/>
	<Card CardID="129" Class="Shan" Name="闪" Number="8" Color="2" type="8" index="2" Grade1="23,25" Grade2="12,15" Grade3="4,6" Grade4="0,4" Specials="2,4_106,4_22,6_5,3_13,8_32,6"/>
	<Card CardID="130" Class="Jiu" Name="酒" Number="9" Color="2" type="8" index="6" Grade1="15,18" Grade2="10,14" Grade3="6,9" Grade4="2,4" Specials="2,4_106,4_22,6_20,6_13,8_11,5"/>
	<Card CardID="131" Class="Shan" Name="闪" Number="10" Color="2" type="8" index="2" Grade1="23,25" Grade2="12,15" Grade3="4,6" Grade4="0,4" Specials="2,4_106,4_22,6_5,3_13,8_32,6"/>
	<Card CardID="132" Class="Shan" Name="闪" Number="11" Color="2" type="8" index="2" Grade1="23,25" Grade2="12,15" Grade3="4,6" Grade4="0,4" Specials="2,4_106,4_22,6_5,3_13,8_32,6_38,4_46,4_152,4"/>
	<Card CardID="133" Class="HuoGong" Name="火攻" Number="12" Color="2" type="8" index="19" Grade1="8,12" Grade2="6,10" Grade3="4,7" Grade4="3,5" Specials="2,4_106,4_22,6_7,9_206,-6_13,8_38,5_46,5_152,5"/>
	<Card CardID="134" Class="HuaLiu" Name="骅骝" Number="13" Color="2" type="8" index="33" Grade1="13,16" Grade2="4,6" Grade3="2,4" Grade4="2,4" Specials="2,4_106,4_22,6_25,8_103,8_153,5_155,7_48,5_55,6_159,5_28,6_13,8_38,6_46,6_152,6"/>
	<Card CardID="135" Class="GuDingDao" Name="古锭刀" Number="1" Color="3" type="8" index="35" Grade1="10,12" Specials="25,8_103,8_153,5_155,7_48,5_55,6_159,5_28,6_21,5_9,7_26,4_30,5_32,5_45,7_34,8_42,7"/>
	<Card CardID="136" Class="TengJia" Name="藤甲" Number="2" Color="3" type="8" index="37" Grade1="7,9" Grade2="2,4" Specials="25,8_103,8_153,5_155,7_48,5_55,6_159,5_28,6_21,5_9,7_30,5_32,5_45,7_42,7"/>
	<Card CardID="137" Class="Jiu" Name="酒" Number="3" Color="3" type="8" index="6" Grade1="15,18" Grade2="10,14" Grade3="6,9" Grade4="2,4" Specials="21,5_9,7_20,6_11,5_30,5_32,5_42,6"/>
	<Card CardID="138" Class="LeiSha" Name="雷杀" Number="4" Color="3" type="8" index="4" Grade1="23,25" Grade2="8,12" Grade3="4,7" Grade4="1,3" Specials="3,7_105,5_39,5_26,5_6,5_107,5_153,5_158,5_152,5_23,5_19,5_5,3_21,5_9,7_30,5_32,5_45,7_42,6"/>
	<Card CardID="139" Class="LeiSha" Name="雷杀" Number="5" Color="3" type="8" index="4" Grade1="23,25" Grade2="8,12" Grade3="4,7" Grade4="1,3" Specials="3,7_105,5_39,5_26,5_6,5_107,5_153,5_158,5_152,5_23,5_19,5_5,3_21,5_9,7_30,5_32,5_45,7_42,6"/>
	<Card CardID="140" Class="LeiSha" Name="雷杀" Number="6" Color="3" type="8" index="4" Grade1="23,25" Grade2="8,12" Grade3="4,7" Grade4="1,3" Specials="3,7_105,5_39,5_26,5_6,5_107,5_153,5_158,5_152,5_23,5_19,5_5,3_21,5_9,7_30,5_32,5_45,7_42,6"/>
	<Card CardID="141" Class="LeiSha" Name="雷杀" Number="7" Color="3" type="8" index="4" Grade1="23,25" Grade2="8,12" Grade3="4,7" Grade4="1,3" Specials="3,7_105,5_39,5_26,5_6,5_107,5_153,5_158,5_152,5_23,5_19,5_5,3_21,5_9,7_30,5_32,5_45,7_42,6"/>
	<Card CardID="142" Class="LeiSha" Name="雷杀" Number="8" Color="3" type="8" index="4" Grade1="23,25" Grade2="8,12" Grade3="4,7" Grade4="1,3" Specials="3,7_105,5_39,5_26,5_6,5_107,5_153,5_158,5_152,5_23,5_19,5_5,3_21,5_9,7_30,5_32,5_45,7_42,6"/>
	<Card CardID="143" Class="Jiu" Name="酒" Number="9" Color="3" type="8" index="6" Grade1="15,18" Grade2="10,14" Grade3="6,9" Grade4="2,4" Specials="21,5_9,7_20,6_11,5_30,5_32,5_42,6"/>
	<Card CardID="144" Class="BingLiangCunDuan" Name="兵粮寸断" Number="10" Color="3" type="8" index="20" Grade1="16,20" Grade2="14,16" Grade3="12,14" Grade4="10,12" Specials="21,5_9,7_30,5_32,5_45,7_42,5"/>
	<Card CardID="145" Class="TieSuoLianHuan" Name="铁索连环" Number="11" Color="3" type="8" index="21" Grade1="14,16" Grade2="12,14" Grade3="10,12" Grade4="8,10" Specials="7,9_206,-6_21,5_9,7_30,5_32,5_45,7_38,4_46,4_152,4"/>
	<Card CardID="146" Class="TieSuoLianHuan" Name="铁索连环" Number="12" Color="3" type="8" index="21" Grade1="14,16" Grade2="12,14" Grade3="10,12" Grade4="8,10" Specials="7,9_206,-6_21,5_9,7_30,5_32,5_45,7_38,5_46,5_152,5"/>
	<Card CardID="147" Class="WuXieKeJi" Name="无懈可击" Number="13" Color="3" type="8" index="18" Grade1="23,25" Grade2="14,16" Grade3="7,9" Grade4="5,7" Specials="7,9_206,-6_21,5_9,7_30,5_32,5_45,7_38,6_46,6_152,6"/>
	<Card CardID="148" Class="BaiYinShiZi" Name="白银狮子" Number="1" Color="4" type="8" index="38" Grade1="11,15" Specials="25,8_103,8_153,5_155,7_48,5_55,6_159,5_28,6_21,5_9,7_36,6_42,7"/>
	<Card CardID="149" Class="TengJia" Name="藤甲" Number="2" Color="4" type="8" index="37" Grade1="7,9" Grade2="2,4" Specials="25,8_103,8_153,5_155,7_48,5_55,6_159,5_28,6_21,5_9,7_36,6_42,7"/>
	<Card CardID="150" Class="Jiu" Name="酒" Number="3" Color="4" type="8" index="6" Grade1="15,18" Grade2="10,14" Grade3="6,9" Grade4="2,4" Specials="21,5_9,7_20,6_11,5_36,6_42,6"/>
	<Card CardID="151" Class="BingLiangCunDuan" Name="兵粮寸断" Number="4" Color="4" type="8" index="20" Grade1="16,20" Grade2="14,16" Grade3="12,14" Grade4="10,12" Specials="21,5_9,7_36,6_42,5"/>
	<Card CardID="152" Class="LeiSha" Name="雷杀" Number="5" Color="4" type="8" index="4" Grade1="23,25" Grade2="8,12" Grade3="4,7" Grade4="1,3" Specials="3,7_105,5_39,5_26,5_6,5_107,5_153,5_158,5_152,5_23,5_19,5_5,3_21,5_9,7_36,6_42,6"/>
	<Card CardID="153" Class="LeiSha" Name="雷杀" Number="6" Color="4" type="8" index="4" Grade1="23,25" Grade2="8,12" Grade3="4,7" Grade4="1,3" Specials="3,7_105,5_39,5_26,5_6,5_107,5_153,5_158,5_152,5_23,5_19,5_5,3_21,5_9,7_36,6_42,6"/>
	<Card CardID="154" Class="LeiSha" Name="雷杀" Number="7" Color="4" type="8" index="4" Grade1="23,25" Grade2="8,12" Grade3="4,7" Grade4="1,3" Specials="3,7_105,5_39,5_26,5_6,5_107,5_153,5_158,5_152,5_23,5_19,5_5,3_21,5_9,7_36,6_42,6"/>
	<Card CardID="155" Class="LeiSha" Name="雷杀" Number="8" Color="4" type="8" index="4" Grade1="23,25" Grade2="8,12" Grade3="4,7" Grade4="1,3" Specials="3,7_105,5_39,5_26,5_6,5_107,5_153,5_158,5_152,5_23,5_19,5_5,3_21,5_9,7_36,6_42,6"/>
	<Card CardID="156" Class="Jiu" Name="酒" Number="9" Color="4" type="8" index="6" Grade1="15,18" Grade2="10,14" Grade3="6,9" Grade4="2,4" Specials="21,5_9,7_20,6_11,5_36,6_42,6"/>
	<Card CardID="157" Class="TieSuoLianHuan" Name="铁索连环" Number="10" Color="4" type="8" index="21" Grade1="14,16" Grade2="12,14" Grade3="10,12" Grade4="8,10" Specials="7,9_206,-6_21,5_9,7"/>
	<Card CardID="158" Class="TieSuoLianHuan" Name="铁索连环" Number="11" Color="4" type="8" index="21" Grade1="14,16" Grade2="12,14" Grade3="10,12" Grade4="8,10" Specials="7,9_206,-6_21,5_9,7_38,4_46,4_152,4"/>
	<Card CardID="159" Class="TieSuoLianHuan" Name="铁索连环" Number="12" Color="4" type="8" index="21" Grade1="14,16" Grade2="12,14" Grade3="10,12" Grade4="8,10" Specials="7,9_206,-6_21,5_9,7_38,5_46,5_152,5"/>
	<Card CardID="160" Class="TieSuoLianHuan" Name="铁索连环" Number="13" Color="4" type="8" index="21" Grade1="14,16" Grade2="12,14" Grade3="10,12" Grade4="8,10" Specials="7,9_206,-6_21,5_9,7_38,6_46,6_152,6"/>
</Cards>