<?xml version="1.0" encoding="UTF-8" standalone="yes"?>
<!-- 编辑使用 XMLSpy v2006 U (http://www.altova.com) 由 any (any) -->
<Cities>
	<City ID="109999" Name="请选择" Parent="请选择"/>
	<City ID="100000" Name="北京" Parent="北京"/>
	<City ID="100100" Name="天津" Parent="天津"/>
	<City ID="100200" Name="上海" Parent="上海"/>
	<City ID="100300" Name="重庆" Parent="重庆"/>
	<City ID="100400" Name="石家庄" Parent="河北"/>
	<City ID="100401" Name="廊坊" Parent="河北"/>
	<City ID="100402" Name="衡水" Parent="河北"/>
	<City ID="100403" Name="唐山" Parent="河北"/>
	<City ID="100404" Name="秦皇岛" Parent="河北"/>
	<City ID="100405" Name="邯郸" Parent="河北"/>
	<City ID="100406" Name="邢台" Parent="河北"/>
	<City ID="100407" Name="保定" Parent="河北"/>
	<City ID="100408" Name="张家口" Parent="河北"/>
	<City ID="100409" Name="承德" Parent="河北"/>
	<City ID="100410" Name="沧州" Parent="河北"/>
	<City ID="100500" Name="太原" Parent="山西"/>
	<City ID="100501" Name="临汾" Parent="山西"/>
	<City ID="100502" Name="吕梁" Parent="山西"/>
	<City ID="100503" Name="大同" Parent="山西"/>
	<City ID="100504" Name="阳泉" Parent="山西"/>
	<City ID="100505" Name="长治" Parent="山西"/>
	<City ID="100506" Name="晋城" Parent="山西"/>
	<City ID="100507" Name="朔州" Parent="山西"/>
	<City ID="100508" Name="晋中" Parent="山西"/>
	<City ID="100509" Name="运城" Parent="山西"/>
	<City ID="100510" Name="忻州" Parent="山西"/>
	<City ID="100600" Name="呼和浩特" Parent="内蒙古"/>
	<City ID="100601" Name="包头" Parent="内蒙古"/>
	<City ID="100602" Name="乌海" Parent="内蒙古"/>
	<City ID="100603" Name="赤峰" Parent="内蒙古"/>
	<City ID="100604" Name="通辽" Parent="内蒙古"/>
	<City ID="100605" Name="鄂尔多斯" Parent="内蒙古"/>
	<City ID="100606" Name="呼伦贝尔" Parent="内蒙古"/>
	<City ID="100607" Name="巴彦淖尔" Parent="内蒙古"/>
	<City ID="100608" Name="乌兰察布" Parent="内蒙古"/>
	<City ID="100609" Name="兴安" Parent="内蒙古"/>
	<City ID="100610" Name="锡林郭勒" Parent="内蒙古"/>
	<City ID="100611" Name="阿拉善" Parent="内蒙古"/>
	<City ID="100700" Name="哈尔滨" Parent="黑龙江"/>
	<City ID="100701" Name="齐齐哈尔" Parent="黑龙江"/>
	<City ID="100702" Name="鸡西" Parent="黑龙江"/>
	<City ID="100703" Name="鹤岗" Parent="黑龙江"/>
	<City ID="100704" Name="双鸭山" Parent="黑龙江"/>
	<City ID="100705" Name="大庆" Parent="黑龙江"/>
	<City ID="100706" Name="伊春" Parent="黑龙江"/>
	<City ID="100707" Name="佳木斯" Parent="黑龙江"/>
	<City ID="100708" Name="七台河" Parent="黑龙江"/>
	<City ID="100709" Name="牡丹江" Parent="黑龙江"/>
	<City ID="100710" Name="黑河" Parent="黑龙江"/>
	<City ID="100711" Name="绥化" Parent="黑龙江"/>
	<City ID="100712" Name="大兴安岭" Parent="黑龙江"/>
	<City ID="100800" Name="长春" Parent="吉林"/>
	<City ID="100801" Name="吉林" Parent="吉林"/>
	<City ID="100802" Name="四平" Parent="吉林"/>
	<City ID="100803" Name="辽源" Parent="吉林"/>
	<City ID="100804" Name="通化" Parent="吉林"/>
	<City ID="100805" Name="白山" Parent="吉林"/>
	<City ID="100806" Name="松原" Parent="吉林"/>
	<City ID="100807" Name="白城" Parent="吉林"/>
	<City ID="100808" Name="延边" Parent="吉林"/>
	<City ID="100900" Name="沈阳" Parent="辽宁"/>
	<City ID="100901" Name="大连" Parent="辽宁"/>
	<City ID="100902" Name="鞍山" Parent="辽宁"/>
	<City ID="100903" Name="抚顺" Parent="辽宁"/>
	<City ID="100904" Name="本溪" Parent="辽宁"/>
	<City ID="100905" Name="丹东" Parent="辽宁"/>
	<City ID="100906" Name="锦州" Parent="辽宁"/>
	<City ID="100907" Name="营口" Parent="辽宁"/>
	<City ID="100908" Name="阜新" Parent="辽宁"/>
	<City ID="100909" Name="辽阳" Parent="辽宁"/>
	<City ID="100910" Name="盘锦" Parent="辽宁"/>
	<City ID="100911" Name="铁岭" Parent="辽宁"/>
	<City ID="100912" Name="朝阳" Parent="辽宁"/>
	<City ID="100913" Name="葫芦岛" Parent="辽宁"/>
	<City ID="101000" Name="济南" Parent="山东"/>
	<City ID="101001" Name="青岛" Parent="山东"/>
	<City ID="101002" Name="淄博" Parent="山东"/>
	<City ID="101003" Name="枣庄" Parent="山东"/>
	<City ID="101004" Name="东营" Parent="山东"/>
	<City ID="101005" Name="烟台" Parent="山东"/>
	<City ID="101006" Name="潍坊" Parent="山东"/>
	<City ID="101007" Name="济宁" Parent="山东"/>
	<City ID="101008" Name="泰安" Parent="山东"/>
	<City ID="101009" Name="威海" Parent="山东"/>
	<City ID="101010" Name="日照" Parent="山东"/>
	<City ID="101011" Name="莱芜" Parent="山东"/>
	<City ID="101012" Name="临沂" Parent="山东"/>
	<City ID="101013" Name="德州" Parent="山东"/>
	<City ID="101014" Name="聊城" Parent="山东"/>
	<City ID="101015" Name="滨州" Parent="山东"/>
	<City ID="101016" Name="菏泽" Parent="山东"/>
	<City ID="101100" Name="西安" Parent="陕西"/>
	<City ID="101101" Name="铜川" Parent="陕西"/>
	<City ID="101102" Name="宝鸡" Parent="陕西"/>
	<City ID="101103" Name="咸阳" Parent="陕西"/>
	<City ID="101104" Name="渭南" Parent="陕西"/>
	<City ID="101105" Name="延安" Parent="陕西"/>
	<City ID="101106" Name="汉中" Parent="陕西"/>
	<City ID="101107" Name="榆林" Parent="陕西"/>
	<City ID="101108" Name="安康" Parent="陕西"/>
	<City ID="101109" Name="商洛" Parent="陕西"/>
	<City ID="101200" Name="郑州" Parent="河南"/>
	<City ID="101201" Name="开封" Parent="河南"/>
	<City ID="101202" Name="洛阳" Parent="河南"/>
	<City ID="101203" Name="平顶山" Parent="河南"/>
	<City ID="101204" Name="安阳" Parent="河南"/>
	<City ID="101205" Name="鹤壁" Parent="河南"/>
	<City ID="101206" Name="新乡" Parent="河南"/>
	<City ID="101207" Name="焦作" Parent="河南"/>
	<City ID="101208" Name="济源" Parent="河南"/>
	<City ID="101209" Name="濮阳" Parent="河南"/>
	<City ID="101210" Name="许昌" Parent="河南"/>
	<City ID="101211" Name="漯河" Parent="河南"/>
	<City ID="101212" Name="三门峡" Parent="河南"/>
	<City ID="101213" Name="南阳" Parent="河南"/>
	<City ID="101214" Name="商丘" Parent="河南"/>
	<City ID="101215" Name="信阳" Parent="河南"/>
	<City ID="101216" Name="周口" Parent="河南"/>
	<City ID="101217" Name="驻马店" Parent="河南"/>
	<City ID="101300" Name="武汉" Parent="湖北"/>
	<City ID="101301" Name="黄石" Parent="湖北"/>
	<City ID="101302" Name="十堰" Parent="湖北"/>
	<City ID="101303" Name="宜昌" Parent="湖北"/>
	<City ID="101304" Name="襄樊" Parent="湖北"/>
	<City ID="101305" Name="荆门" Parent="湖北"/>
	<City ID="101306" Name="孝感" Parent="湖北"/>
	<City ID="101307" Name="荆州" Parent="湖北"/>
	<City ID="101308" Name="黄冈" Parent="湖北"/>
	<City ID="101309" Name="咸宁" Parent="湖北"/>
	<City ID="101310" Name="随州" Parent="湖北"/>
	<City ID="101311" Name="恩施" Parent="湖北"/>
	<City ID="101312" Name="仙桃" Parent="湖北"/>
	<City ID="101313" Name="潜江" Parent="湖北"/>
	<City ID="101314" Name="天门" Parent="湖北"/>
	<City ID="101315" Name="神农架" Parent="湖北"/>
	<City ID="101316" Name="鄂州" Parent="湖北"/>
	<City ID="101400" Name="长沙" Parent="湖南"/>
	<City ID="101401" Name="株洲" Parent="湖南"/>
	<City ID="101402" Name="湘潭" Parent="湖南"/>
	<City ID="101403" Name="衡阳" Parent="湖南"/>
	<City ID="101404" Name="邵阳" Parent="湖南"/>
	<City ID="101405" Name="岳阳" Parent="湖南"/>
	<City ID="101406" Name="常德" Parent="湖南"/>
	<City ID="101407" Name="张家界" Parent="湖南"/>
	<City ID="101408" Name="益阳" Parent="湖南"/>
	<City ID="101409" Name="郴州" Parent="湖南"/>
	<City ID="101410" Name="永州" Parent="湖南"/>
	<City ID="101411" Name="怀化" Parent="湖南"/>
	<City ID="101412" Name="娄底" Parent="湖南"/>
	<City ID="101413" Name="湘西" Parent="湖南"/>
	<City ID="101500" Name="海口" Parent="海南"/>
	<City ID="101501" Name="三亚" Parent="海南"/>
	<City ID="101502" Name="五指山" Parent="海南"/>
	<City ID="101503" Name="琼海" Parent="海南"/>
	<City ID="101504" Name="儋州" Parent="海南"/>
	<City ID="101505" Name="文昌" Parent="海南"/>
	<City ID="101506" Name="万宁" Parent="海南"/>
	<City ID="101507" Name="东方" Parent="海南"/>
	<City ID="101508" Name="定安" Parent="海南"/>
	<City ID="101509" Name="屯昌" Parent="海南"/>
	<City ID="101510" Name="澄迈" Parent="海南"/>
	<City ID="101511" Name="临高" Parent="海南"/>
	<City ID="101512" Name="白沙" Parent="海南"/>
	<City ID="101513" Name="昌江" Parent="海南"/>
	<City ID="101514" Name="乐东" Parent="海南"/>
	<City ID="101515" Name="陵水" Parent="海南"/>
	<City ID="101516" Name="保亭" Parent="海南"/>
	<City ID="101517" Name="琼中" Parent="海南"/>
	<City ID="101518" Name="西沙" Parent="海南"/>
	<City ID="101519" Name="南沙" Parent="海南"/>
	<City ID="101520" Name="中沙" Parent="海南"/>
	<City ID="101600" Name="南京" Parent="江苏"/>
	<City ID="101601" Name="无锡" Parent="江苏"/>
	<City ID="101602" Name="徐州" Parent="江苏"/>
	<City ID="101603" Name="常州" Parent="江苏"/>
	<City ID="101604" Name="苏州" Parent="江苏"/>
	<City ID="101605" Name="南通" Parent="江苏"/>
	<City ID="101606" Name="连云港" Parent="江苏"/>
	<City ID="101607" Name="淮安" Parent="江苏"/>
	<City ID="101608" Name="盐城" Parent="江苏"/>
	<City ID="101609" Name="扬州" Parent="江苏"/>
	<City ID="101610" Name="镇江" Parent="江苏"/>
	<City ID="101611" Name="泰州" Parent="江苏"/>
	<City ID="101612" Name="宿迁" Parent="江苏"/>
	<City ID="101701" Name="南昌" Parent="江西"/>
	<City ID="101702" Name="景德镇" Parent="江西"/>
	<City ID="101703" Name="萍乡" Parent="江西"/>
	<City ID="101704" Name="九江" Parent="江西"/>
	<City ID="101705" Name="新余" Parent="江西"/>
	<City ID="101706" Name="鹰潭" Parent="江西"/>
	<City ID="101707" Name="赣州" Parent="江西"/>
	<City ID="101708" Name="吉安" Parent="江西"/>
	<City ID="101709" Name="宜春" Parent="江西"/>
	<City ID="101710" Name="抚州" Parent="江西"/>
	<City ID="101711" Name="上饶" Parent="江西"/>
	<City ID="101800" Name="广州" Parent="广东"/>
	<City ID="101801" Name="韶关" Parent="广东"/>
	<City ID="101802" Name="深圳" Parent="广东"/>
	<City ID="101803" Name="珠海" Parent="广东"/>
	<City ID="101804" Name="汕头" Parent="广东"/>
	<City ID="101805" Name="佛山" Parent="广东"/>
	<City ID="101806" Name="江门" Parent="广东"/>
	<City ID="101807" Name="湛江" Parent="广东"/>
	<City ID="101808" Name="茂名" Parent="广东"/>
	<City ID="101809" Name="肇庆" Parent="广东"/>
	<City ID="101810" Name="惠州" Parent="广东"/>
	<City ID="101811" Name="梅州" Parent="广东"/>
	<City ID="101812" Name="汕尾" Parent="广东"/>
	<City ID="101813" Name="河源" Parent="广东"/>
	<City ID="101814" Name="阳江" Parent="广东"/>
	<City ID="101815" Name="清远" Parent="广东"/>
	<City ID="101816" Name="东莞" Parent="广东"/>
	<City ID="101817" Name="中山" Parent="广东"/>
	<City ID="101818" Name="潮州" Parent="广东"/>
	<City ID="101819" Name="揭阳" Parent="广东"/>
	<City ID="101820" Name="云浮" Parent="广东"/>
	<City ID="101900" Name="南宁" Parent="广西"/>
	<City ID="101901" Name="柳州" Parent="广西"/>
	<City ID="101902" Name="桂林" Parent="广西"/>
	<City ID="101903" Name="北海" Parent="广西"/>
	<City ID="101904" Name="梧州" Parent="广西"/>
	<City ID="101905" Name="防城港" Parent="广西"/>
	<City ID="101906" Name="钦州" Parent="广西"/>
	<City ID="101907" Name="贵港" Parent="广西"/>
	<City ID="101908" Name="玉林" Parent="广西"/>
	<City ID="101909" Name="百色" Parent="广西"/>
	<City ID="101910" Name="贺州" Parent="广西"/>
	<City ID="101911" Name="河池" Parent="广西"/>
	<City ID="101912" Name="来宾" Parent="广西"/>
	<City ID="101913" Name="崇左" Parent="广西"/>
	<City ID="102000" Name="昆明" Parent="云南"/>
	<City ID="102001" Name="曲靖" Parent="云南"/>
	<City ID="102002" Name="玉溪" Parent="云南"/>
	<City ID="102003" Name="保山" Parent="云南"/>
	<City ID="102004" Name="邵通" Parent="云南"/>
	<City ID="102005" Name="丽江" Parent="云南"/>
	<City ID="102006" Name="思茅" Parent="云南"/>
	<City ID="102007" Name="临沧" Parent="云南"/>
	<City ID="102008" Name="楚雄" Parent="云南"/>
	<City ID="102009" Name="红河" Parent="云南"/>
	<City ID="102010" Name="文山" Parent="云南"/>
	<City ID="102011" Name="西双版纳" Parent="云南"/>
	<City ID="102012" Name="大理" Parent="云南"/>
	<City ID="102013" Name="德宏" Parent="云南"/>
	<City ID="102014" Name="怒江" Parent="云南"/>
	<City ID="102015" Name="迪庆" Parent="云南"/>
	<City ID="102100" Name="贵阳" Parent="贵州"/>
	<City ID="102101" Name="六盘水" Parent="贵州"/>
	<City ID="102102" Name="遵义" Parent="贵州"/>
	<City ID="102103" Name="安顺" Parent="贵州"/>
	<City ID="102104" Name="铜仁" Parent="贵州"/>
	<City ID="102105" Name="黔西南" Parent="贵州"/>
	<City ID="102106" Name="毕节" Parent="贵州"/>
	<City ID="102107" Name="黔东南" Parent="贵州"/>
	<City ID="102108" Name="黔南" Parent="贵州"/>
	<City ID="102200" Name="成都" Parent="四川"/>
	<City ID="102201" Name="自贡" Parent="四川"/>
	<City ID="102202" Name="攀枝花" Parent="四川"/>
	<City ID="102203" Name="泸州" Parent="四川"/>
	<City ID="102204" Name="德阳" Parent="四川"/>
	<City ID="102205" Name="绵阳" Parent="四川"/>
	<City ID="102206" Name="广元" Parent="四川"/>
	<City ID="102207" Name="遂宁" Parent="四川"/>
	<City ID="102208" Name="内江" Parent="四川"/>
	<City ID="102209" Name="乐山" Parent="四川"/>
	<City ID="102210" Name="南充" Parent="四川"/>
	<City ID="102211" Name="眉山" Parent="四川"/>
	<City ID="102212" Name="宜宾" Parent="四川"/>
	<City ID="102213" Name="广安" Parent="四川"/>
	<City ID="102214" Name="达州" Parent="四川"/>
	<City ID="102215" Name="雅安" Parent="四川"/>
	<City ID="102216" Name="巴中" Parent="四川"/>
	<City ID="102217" Name="资阳" Parent="四川"/>
	<City ID="102218" Name="阿坝州" Parent="四川"/>
	<City ID="102219" Name="甘孜" Parent="四川"/>
	<City ID="102220" Name="凉山" Parent="四川"/>
	<City ID="102300" Name="银川" Parent="宁夏"/>
	<City ID="102301" Name="石嘴山" Parent="宁夏"/>
	<City ID="102302" Name="吴忠" Parent="宁夏"/>
	<City ID="102303" Name="固原" Parent="宁夏"/>
	<City ID="102304" Name="中卫" Parent="宁夏"/>
	<City ID="102401" Name="兰州" Parent="甘肃"/>
	<City ID="102402" Name="嘉峪关" Parent="甘肃"/>
	<City ID="102403" Name="金昌" Parent="甘肃"/>
	<City ID="102404" Name="白银" Parent="甘肃"/>
	<City ID="102405" Name="天水" Parent="甘肃"/>
	<City ID="102406" Name="武威" Parent="甘肃"/>
	<City ID="102407" Name="张掖" Parent="甘肃"/>
	<City ID="102408" Name="平凉" Parent="甘肃"/>
	<City ID="102409" Name="酒泉" Parent="甘肃"/>
	<City ID="102410" Name="庆阳" Parent="甘肃"/>
	<City ID="102411" Name="定西" Parent="甘肃"/>
	<City ID="102412" Name="陇南" Parent="甘肃"/>
	<City ID="102413" Name="临夏" Parent="甘肃"/>
	<City ID="102414" Name="甘南" Parent="甘肃"/>
	<City ID="102500" Name="西宁" Parent="青海"/>
	<City ID="102501" Name="海东" Parent="青海"/>
	<City ID="102502" Name="海北" Parent="青海"/>
	<City ID="102503" Name="黄南" Parent="青海"/>
	<City ID="102504" Name="海南" Parent="青海"/>
	<City ID="102505" Name="果洛" Parent="青海"/>
	<City ID="102506" Name="玉树" Parent="青海"/>
	<City ID="102507" Name="海西" Parent="青海"/>
	<City ID="102600" Name="拉萨" Parent="西藏"/>
	<City ID="102601" Name="昌都" Parent="西藏"/>
	<City ID="102602" Name="山南" Parent="西藏"/>
	<City ID="102603" Name="日喀则" Parent="西藏"/>
	<City ID="102604" Name="那曲" Parent="西藏"/>
	<City ID="102605" Name="阿里" Parent="西藏"/>
	<City ID="102606" Name="林芝" Parent="西藏"/>
	<City ID="102700" Name="乌鲁木齐" Parent="新疆"/>
	<City ID="102701" Name="克拉玛依" Parent="新疆"/>
	<City ID="102702" Name="吐鲁番" Parent="新疆"/>
	<City ID="102703" Name="哈密" Parent="新疆"/>
	<City ID="102704" Name="昌吉" Parent="新疆"/>
	<City ID="102705" Name="博尔塔拉" Parent="新疆"/>
	<City ID="102706" Name="巴音郭楞" Parent="新疆"/>
	<City ID="102707" Name="阿克苏" Parent="新疆"/>
	<City ID="102708" Name="克孜勒苏" Parent="新疆"/>
	<City ID="102709" Name="喀什" Parent="新疆"/>
	<City ID="102710" Name="和田" Parent="新疆"/>
	<City ID="102711" Name="伊犁" Parent="新疆"/>
	<City ID="102712" Name="塔城" Parent="新疆"/>
	<City ID="102713" Name="阿勒泰" Parent="新疆"/>
	<City ID="102714" Name="石河子" Parent="新疆"/>
	<City ID="102715" Name="阿拉尔" Parent="新疆"/>
	<City ID="102716" Name="图木舒克" Parent="新疆"/>
	<City ID="102717" Name="五家渠" Parent="新疆"/>
	<City ID="102800" Name="合肥" Parent="安徽"/>
	<City ID="102801" Name="芜湖" Parent="安徽"/>
	<City ID="102802" Name="蚌埠" Parent="安徽"/>
	<City ID="102803" Name="淮南" Parent="安徽"/>
	<City ID="102804" Name="马鞍山" Parent="安徽"/>
	<City ID="102805" Name="淮北" Parent="安徽"/>
	<City ID="102806" Name="铜陵" Parent="安徽"/>
	<City ID="102807" Name="安庆" Parent="安徽"/>
	<City ID="102808" Name="黄山" Parent="安徽"/>
	<City ID="102809" Name="滁州" Parent="安徽"/>
	<City ID="102810" Name="阜阳" Parent="安徽"/>
	<City ID="102811" Name="宿州" Parent="安徽"/>
	<City ID="102812" Name="巢湖" Parent="安徽"/>
	<City ID="102813" Name="六安" Parent="安徽"/>
	<City ID="102814" Name="毫州" Parent="安徽"/>
	<City ID="102815" Name="池州" Parent="安徽"/>
	<City ID="102816" Name="宣城" Parent="安徽"/>
	<City ID="102900" Name="杭州" Parent="浙江"/>
	<City ID="102901" Name="湖州" Parent="浙江"/>
	<City ID="102902" Name="宁波" Parent="浙江"/>
	<City ID="102903" Name="温州" Parent="浙江"/>
	<City ID="102904" Name="嘉兴" Parent="浙江"/>
	<City ID="102905" Name="绍兴" Parent="浙江"/>
	<City ID="102906" Name="金华" Parent="浙江"/>
	<City ID="102907" Name="衢州" Parent="浙江"/>
	<City ID="102908" Name="舟山" Parent="浙江"/>
	<City ID="102909" Name="台州" Parent="浙江"/>
	<City ID="102910" Name="丽水" Parent="浙江"/>
	<City ID="103000" Name="福州" Parent="福建"/>
	<City ID="103001" Name="厦门" Parent="福建"/>
	<City ID="103002" Name="莆田" Parent="福建"/>
	<City ID="103003" Name="三明" Parent="福建"/>
	<City ID="103004" Name="泉州" Parent="福建"/>
	<City ID="103005" Name="漳州" Parent="福建"/>
	<City ID="103006" Name="南平" Parent="福建"/>
	<City ID="103007" Name="龙岩" Parent="福建"/>
	<City ID="103008" Name="宁德" Parent="福建"/>
	<City ID="103100" Name="台北" Parent="台湾"/>
	<City ID="103101" Name="高雄" Parent="台湾"/>
	<City ID="103102" Name="基隆" Parent="台湾"/>
	<City ID="103103" Name="台中" Parent="台湾"/>
	<City ID="103104" Name="台南" Parent="台湾"/>
	<City ID="103105" Name="新竹" Parent="台湾"/>
	<City ID="103106" Name="嘉义" Parent="台湾"/>
	<City ID="103200" Name="香港" Parent="香港"/>
	<City ID="103300" Name="澳门" Parent="澳门"/>
	<City ID="103400" Name="其它" Parent="其它"/>
</Cities>
