<?xml version="1.0" encoding="UTF-8"?>
<!-- 编辑使用 XMLSpy v2006 U (http://www.altova.com) 由 any (any) -->
<WuJiangs>
	<WuJiang ItemID="15" ItemName="曹操" Country="1" GeneralEnable="true" GeneralNeedPay="false" GeneralShopID="0" SingleEnable="true" SingleBuyEnable="true" SingleShopID="231015" DianJiangEnable="true" NeedPay="0" ExType="1">
		<Tips><![CDATA[<font color='#00FF00' size='14'><b>武将:</b></font>曹操&#xA;<font color='#00FF00' size='14'><b>势力:</b></font>魏&#xA;<font color='#00FF00' size='14'><b>体力:</b></font>4&#xA;<font color='#00FF00' size='14'><b>武将技:</b></font>奸雄、护驾<font color='#FF0000' size='12'>&#xA;标准武将</font>]]></Tips>
		<ShopDesc><![CDATA[]]></ShopDesc>
	</WuJiang>
	<WuJiang ItemID="16" ItemName="司马懿" Country="1" GeneralEnable="true" GeneralNeedPay="false" GeneralShopID="0" SingleEnable="false" SingleBuyEnable="false" SingleShopID="0" DianJiangEnable="true" NeedPay="0" ExType="1">
		<Tips><![CDATA[<font color='#00FF00' size='14'><b>武将:</b></font>司马懿&#xA;<font color='#00FF00' size='14'><b>势力:</b></font>魏&#xA;<font color='#00FF00' size='14'><b>体力:</b></font>3&#xA;<font color='#00FF00' size='14'><b>武将技:</b></font>反馈、鬼才<font color='#FF0000' size='12'>&#xA;标准武将</font>]]></Tips>
		<ShopDesc><![CDATA[]]></ShopDesc>
	</WuJiang>
	<WuJiang ItemID="17" ItemName="夏侯惇" Country="1" GeneralEnable="true" GeneralNeedPay="false" GeneralShopID="0" SingleEnable="true" SingleBuyEnable="true" SingleShopID="232017" DianJiangEnable="true" NeedPay="0" ExType="1">
		<Tips><![CDATA[<font color='#00FF00' size='14'><b>武将:</b></font>夏侯惇&#xA;<font color='#00FF00' size='14'><b>势力:</b></font>魏&#xA;<font color='#00FF00' size='14'><b>体力:</b></font>4&#xA;<font color='#00FF00' size='14'><b>武将技:</b></font>刚烈<font color='#FF0000' size='12'>&#xA;标准武将</font>]]></Tips>
		<ShopDesc><![CDATA[]]></ShopDesc>
	</WuJiang>
	<WuJiang ItemID="18" ItemName="张辽" Country="1" GeneralEnable="true" GeneralNeedPay="false" GeneralShopID="0" SingleEnable="false" SingleBuyEnable="false" SingleShopID="0" DianJiangEnable="true" NeedPay="0" ExType="1">
		<Tips><![CDATA[<font color='#00FF00' size='14'><b>武将:</b></font>张辽&#xA;<font color='#00FF00' size='14'><b>势力:</b></font>魏&#xA;<font color='#00FF00' size='14'><b>体力:</b></font>4&#xA;<font color='#00FF00' size='14'><b>武将技:</b></font>突袭<font color='#FF0000' size='12'>&#xA;标准武将</font>]]></Tips>
		<ShopDesc><![CDATA[]]></ShopDesc>
	</WuJiang>
	<WuJiang ItemID="19" ItemName="许褚" Country="1" GeneralEnable="true" GeneralNeedPay="false" GeneralShopID="0" SingleEnable="true" SingleBuyEnable="true" SingleShopID="233019" DianJiangEnable="true" NeedPay="0" ExType="1">
		<Tips><![CDATA[<font color='#00FF00' size='14'><b>武将:</b></font>许褚&#xA;<font color='#00FF00' size='14'><b>势力:</b></font>魏&#xA;<font color='#00FF00' size='14'><b>体力:</b></font>4&#xA;<font color='#00FF00' size='14'><b>武将技:</b></font>裸衣<font color='#FF0000' size='12'>&#xA;标准武将</font>]]></Tips>
		<ShopDesc><![CDATA[]]></ShopDesc>
	</WuJiang>
	<WuJiang ItemID="20" ItemName="郭嘉" Country="1" GeneralEnable="true" GeneralNeedPay="false" GeneralShopID="0" SingleEnable="false" SingleBuyEnable="false" SingleShopID="0" DianJiangEnable="true" NeedPay="0" ExType="1">
		<Tips><![CDATA[<font color='#00FF00' size='14'><b>武将:</b></font>郭嘉&#xA;<font color='#00FF00' size='14'><b>势力:</b></font>魏&#xA;<font color='#00FF00' size='14'><b>体力:</b></font>3&#xA;<font color='#00FF00' size='14'><b>武将技:</b></font>天妒、遗计<font color='#FF0000' size='12'>&#xA;标准武将</font>]]></Tips>
		<ShopDesc><![CDATA[]]></ShopDesc>
	</WuJiang>
	<WuJiang ItemID="21" ItemName="甄姬" Country="1" GeneralEnable="true" GeneralNeedPay="false" GeneralShopID="0" SingleEnable="false" SingleBuyEnable="false" SingleShopID="0" DianJiangEnable="true" NeedPay="0" ExType="1">
		<Tips><![CDATA[<font color='#00FF00' size='14'><b>武将:</b></font>甑姬&#xA;<font color='#00FF00' size='14'><b>势力:</b></font>魏&#xA;<font color='#00FF00' size='14'><b>体力:</b></font>3&#xA;<font color='#00FF00' size='14'><b>武将技:</b></font>倾国、洛神<font color='#FF0000' size='12'>&#xA;标准武将</font>]]></Tips>
		<ShopDesc><![CDATA[]]></ShopDesc>
	</WuJiang>
	<WuJiang ItemID="28" ItemName="夏侯渊" Country="1" GeneralEnable="true" GeneralNeedPay="false" GeneralShopID="0" SingleEnable="false" SingleBuyEnable="false" SingleShopID="0" DianJiangEnable="true" NeedPay="0" ExType="4">
		<Tips><![CDATA[<font color='#00FF00' size='14'><b>武将:</b></font>夏侯渊&#xA;<font color='#00FF00' size='14'><b>势力:</b></font>魏&#xA;<font color='#00FF00' size='14'><b>体力:</b></font>4&#xA;<font color='#00FF00' size='14'><b>武将技:</b></font>神速<font color='#FF0000' size='12'>&#xA;风包武将</font>]]></Tips>
		<ShopDesc><![CDATA[]]></ShopDesc>
	</WuJiang>
	<WuJiang ItemID="29" ItemName="曹仁" Country="1" GeneralEnable="true" GeneralNeedPay="false" GeneralShopID="0" SingleEnable="false" SingleBuyEnable="false" SingleShopID="0" DianJiangEnable="true" NeedPay="0" ExType="4">
		<Tips><![CDATA[<font color='#00FF00' size='14'><b>武将:</b></font>曹仁&#xA;<font color='#00FF00' size='14'><b>势力:</b></font>魏&#xA;<font color='#00FF00' size='14'><b>体力:</b></font>4&#xA;<font color='#00FF00' size='14'><b>武将技:</b></font>据守<font color='#FF0000' size='12'>&#xA;风包武将</font>]]></Tips>
		<ShopDesc><![CDATA[]]></ShopDesc>
	</WuJiang>
	<WuJiang ItemID="1" ItemName="刘备" Country="2" GeneralEnable="true" GeneralNeedPay="false" GeneralShopID="0" SingleEnable="false" SingleBuyEnable="false" SingleShopID="0" DianJiangEnable="true" NeedPay="0" ExType="1">
		<Tips><![CDATA[<font color='#00FF00' size='14'><b>武将:</b></font>刘备&#xA;<font color='#00FF00' size='14'><b>势力:</b></font>蜀&#xA;<font color='#00FF00' size='14'><b>体力:</b></font>4&#xA;<font color='#00FF00' size='14'><b>武将技:</b></font>仁德、激将<font color='#FF0000' size='12'>&#xA;标准武将</font>]]></Tips>
		<ShopDesc><![CDATA[]]></ShopDesc>
	</WuJiang>
	<WuJiang ItemID="2" ItemName="关羽" Country="2" GeneralEnable="true" GeneralNeedPay="false" GeneralShopID="0" SingleEnable="true" SingleBuyEnable="true" SingleShopID="234002" DianJiangEnable="true" NeedPay="0" ExType="1">
		<Tips><![CDATA[<font color='#00FF00' size='14'><b>武将:</b></font>关羽&#xA;<font color='#00FF00' size='14'><b>势力:</b></font>蜀&#xA;<font color='#00FF00' size='14'><b>体力:</b></font>4&#xA;<font color='#00FF00' size='14'><b>武将技:</b></font>武圣<font color='#FF0000' size='12'>&#xA;标准武将</font>]]></Tips>
		<ShopDesc><![CDATA[]]></ShopDesc>
	</WuJiang>
	<WuJiang ItemID="3" ItemName="张飞" Country="2" GeneralEnable="true" GeneralNeedPay="false" GeneralShopID="0" SingleEnable="false" SingleBuyEnable="false" SingleShopID="0" DianJiangEnable="true" NeedPay="0" ExType="1">
		<Tips><![CDATA[<font color='#00FF00' size='14'><b>武将:</b></font>张飞&#xA;<font color='#00FF00' size='14'><b>势力:</b></font>蜀&#xA;<font color='#00FF00' size='14'><b>体力:</b></font>4&#xA;<font color='#00FF00' size='14'><b>武将技:</b></font>咆哮<font color='#FF0000' size='12'>&#xA;标准武将</font>]]></Tips>
		<ShopDesc><![CDATA[]]></ShopDesc>
	</WuJiang>
	<WuJiang ItemID="4" ItemName="诸葛亮" Country="2" GeneralEnable="true" GeneralNeedPay="false" GeneralShopID="0" SingleEnable="false" SingleBuyEnable="false" SingleShopID="0" DianJiangEnable="true" NeedPay="0" ExType="1">
		<Tips><![CDATA[<font color='#00FF00' size='14'><b>武将:</b></font>诸葛亮&#xA;<font color='#00FF00' size='14'><b>势力:</b></font>蜀&#xA;<font color='#00FF00' size='14'><b>体力:</b></font>3&#xA;<font color='#00FF00' size='14'><b>武将技:</b></font>观星、空城<font color='#FF0000' size='12'>&#xA;标准武将</font>]]></Tips>
		<ShopDesc><![CDATA[]]></ShopDesc>
	</WuJiang>
	<WuJiang ItemID="5" ItemName="赵云" Country="2" GeneralEnable="true" GeneralNeedPay="false" GeneralShopID="0" SingleEnable="true" SingleBuyEnable="true" SingleShopID="235005" DianJiangEnable="true" NeedPay="0" ExType="1">
		<Tips><![CDATA[<font color='#00FF00' size='14'><b>武将:</b></font>赵云&#xA;<font color='#00FF00' size='14'><b>势力:</b></font>蜀&#xA;<font color='#00FF00' size='14'><b>体力:</b></font>4&#xA;<font color='#00FF00' size='14'><b>武将技:</b></font>龙胆<font color='#FF0000' size='12'>&#xA;标准武将</font>]]></Tips>
		<ShopDesc><![CDATA[]]></ShopDesc>
	</WuJiang>
	<WuJiang ItemID="6" ItemName="马超" Country="2" GeneralEnable="true" GeneralNeedPay="false" GeneralShopID="0" SingleEnable="true" SingleBuyEnable="true" SingleShopID="236006" DianJiangEnable="true" NeedPay="0" ExType="1">
		<Tips><![CDATA[<font color='#00FF00' size='14'><b>武将:</b></font>马超&#xA;<font color='#00FF00' size='14'><b>势力:</b></font>蜀&#xA;<font color='#00FF00' size='14'><b>体力:</b></font>4&#xA;<font color='#00FF00' size='14'><b>武将技:</b></font>马术、铁骑<font color='#FF0000' size='12'>&#xA;标准武将</font>]]></Tips>
		<ShopDesc><![CDATA[]]></ShopDesc>
	</WuJiang>
	<WuJiang ItemID="7" ItemName="黄月英" Country="2" GeneralEnable="true" GeneralNeedPay="false" GeneralShopID="0" SingleEnable="false" SingleBuyEnable="false" SingleShopID="0" DianJiangEnable="true" NeedPay="0" ExType="1">
		<Tips><![CDATA[<font color='#00FF00' size='14'><b>武将:</b></font>黄月英&#xA;<font color='#00FF00' size='14'><b>势力:</b></font>蜀&#xA;<font color='#00FF00' size='14'><b>体力:</b></font>3&#xA;<font color='#00FF00' size='14'><b>武将技:</b></font>集智、奇才<font color='#FF0000' size='12'>&#xA;标准武将</font>]]></Tips>
		<ShopDesc><![CDATA[]]></ShopDesc>
	</WuJiang>
	<WuJiang ItemID="26" ItemName="黄忠" Country="2" GeneralEnable="true" GeneralNeedPay="false" GeneralShopID="0" SingleEnable="false" SingleBuyEnable="false" SingleShopID="0" DianJiangEnable="true" NeedPay="0" ExType="4">
		<Tips><![CDATA[<font color='#00FF00' size='14'><b>武将:</b></font>黄忠&#xA;<font color='#00FF00' size='14'><b>势力:</b></font>蜀&#xA;<font color='#00FF00' size='14'><b>体力:</b></font>4&#xA;<font color='#00FF00' size='14'><b>武将技:</b></font>烈弓<font color='#FF0000' size='12'>&#xA;风包武将</font>]]></Tips>
		<ShopDesc><![CDATA[]]></ShopDesc>
	</WuJiang>
	<WuJiang ItemID="27" ItemName="魏延" Country="2" GeneralEnable="true" GeneralNeedPay="false" GeneralShopID="0" SingleEnable="false" SingleBuyEnable="false" SingleShopID="0" DianJiangEnable="true" NeedPay="0" ExType="4">
		<Tips><![CDATA[<font color='#00FF00' size='14'><b>武将:</b></font>魏延&#xA;<font color='#00FF00' size='14'><b>势力:</b></font>蜀&#xA;<font color='#00FF00' size='14'><b>体力:</b></font>4&#xA;<font color='#00FF00' size='14'><b>武将技:</b></font>狂骨<font color='#FF0000' size='12'>&#xA;风包武将</font>]]></Tips>
		<ShopDesc><![CDATA[]]></ShopDesc>
	</WuJiang>
	<WuJiang ItemID="8" ItemName="孙权" Country="3" GeneralEnable="true" GeneralNeedPay="false" GeneralShopID="0" SingleEnable="false" SingleBuyEnable="false" SingleShopID="0" DianJiangEnable="true" NeedPay="0" ExType="1">
		<Tips><![CDATA[<font color='#00FF00' size='14'><b>武将:</b></font>孙权&#xA;<font color='#00FF00' size='14'><b>势力:</b></font>吴&#xA;<font color='#00FF00' size='14'><b>体力:</b></font>4&#xA;<font color='#00FF00' size='14'><b>武将技:</b></font>制衡、救援<font color='#FF0000' size='12'>&#xA;标准武将</font>]]></Tips>
		<ShopDesc><![CDATA[]]></ShopDesc>
	</WuJiang>
	<WuJiang ItemID="9" ItemName="甘宁" Country="3" GeneralEnable="true" GeneralNeedPay="false" GeneralShopID="0" SingleEnable="true" SingleBuyEnable="true" SingleShopID="237009" DianJiangEnable="true" NeedPay="0" ExType="1">
		<Tips><![CDATA[<font color='#00FF00' size='14'><b>武将:</b></font>甘宁&#xA;<font color='#00FF00' size='14'><b>势力:</b></font>吴&#xA;<font color='#00FF00' size='14'><b>体力:</b></font>4&#xA;<font color='#00FF00' size='14'><b>武将技:</b></font>奇袭<font color='#FF0000' size='12'>&#xA;标准武将</font>]]></Tips>
		<ShopDesc><![CDATA[]]></ShopDesc>
	</WuJiang>
	<WuJiang ItemID="10" ItemName="吕蒙" Country="3" GeneralEnable="true" GeneralNeedPay="false" GeneralShopID="0" SingleEnable="false" SingleBuyEnable="false" SingleShopID="0" DianJiangEnable="true" NeedPay="0" ExType="1">
		<Tips><![CDATA[<font color='#00FF00' size='14'><b>武将:</b></font>吕蒙&#xA;<font color='#00FF00' size='14'><b>势力:</b></font>吴&#xA;<font color='#00FF00' size='14'><b>体力:</b></font>4&#xA;<font color='#00FF00' size='14'><b>武将技:</b></font>克己<font color='#FF0000' size='12'>&#xA;标准武将</font>]]></Tips>
		<ShopDesc><![CDATA[]]></ShopDesc>
	</WuJiang>
	<WuJiang ItemID="11" ItemName="黄盖" Country="3" GeneralEnable="true" GeneralNeedPay="false" GeneralShopID="0" SingleEnable="true" SingleBuyEnable="true" SingleShopID="238011" DianJiangEnable="true" NeedPay="0" ExType="1">
		<Tips><![CDATA[<font color='#00FF00' size='14'><b>武将:</b></font>黄盖&#xA;<font color='#00FF00' size='14'><b>势力:</b></font>吴&#xA;<font color='#00FF00' size='14'><b>体力:</b></font>4&#xA;<font color='#00FF00' size='14'><b>武将技:</b></font>苦肉<font color='#FF0000' size='12'>&#xA;标准武将</font>]]></Tips>
		<ShopDesc><![CDATA[]]></ShopDesc>
	</WuJiang>
	<WuJiang ItemID="12" ItemName="周瑜" Country="3" GeneralEnable="true" GeneralNeedPay="false" GeneralShopID="0" SingleEnable="false" SingleBuyEnable="false" SingleShopID="0" DianJiangEnable="true" NeedPay="0" ExType="1">
		<Tips><![CDATA[<font color='#00FF00' size='14'><b>武将:</b></font>周瑜&#xA;<font color='#00FF00' size='14'><b>势力:</b></font>吴&#xA;<font color='#00FF00' size='14'><b>体力:</b></font>3&#xA;<font color='#00FF00' size='14'><b>武将技:</b></font>英姿、反间<font color='#FF0000' size='12'>&#xA;标准武将</font>]]></Tips>
		<ShopDesc><![CDATA[]]></ShopDesc>
	</WuJiang>
	<WuJiang ItemID="14" ItemName="陆逊" Country="3" GeneralEnable="true" GeneralNeedPay="false" GeneralShopID="0" SingleEnable="false" SingleBuyEnable="false" SingleShopID="0" DianJiangEnable="true" NeedPay="0" ExType="1">
		<Tips><![CDATA[<font color='#00FF00' size='14'><b>武将:</b></font>陆逊&#xA;<font color='#00FF00' size='14'><b>势力:</b></font>吴&#xA;<font color='#00FF00' size='14'><b>体力:</b></font>3&#xA;<font color='#00FF00' size='14'><b>武将技:</b></font>谦逊、连营<font color='#FF0000' size='12'>&#xA;标准武将</font>]]></Tips>
		<ShopDesc><![CDATA[]]></ShopDesc>
	</WuJiang>
	<WuJiang ItemID="13" ItemName="大乔" Country="3" GeneralEnable="true" GeneralNeedPay="false" GeneralShopID="0" SingleEnable="false" SingleBuyEnable="false" SingleShopID="0" DianJiangEnable="true" NeedPay="0" ExType="1">
		<Tips><![CDATA[<font color='#00FF00' size='14'><b>武将:</b></font>大乔&#xA;<font color='#00FF00' size='14'><b>势力:</b></font>吴&#xA;<font color='#00FF00' size='14'><b>体力:</b></font>3&#xA;<font color='#00FF00' size='14'><b>武将技:</b></font>国色、流离<font color='#FF0000' size='12'>&#xA;标准武将</font>]]></Tips>
		<ShopDesc><![CDATA[]]></ShopDesc>
	</WuJiang>
	<WuJiang ItemID="25" ItemName="孙尚香" Country="3" GeneralEnable="true" GeneralNeedPay="false" GeneralShopID="0" SingleEnable="false" SingleBuyEnable="false" SingleShopID="0" DianJiangEnable="true" NeedPay="0" ExType="1">
		<Tips><![CDATA[<font color='#00FF00' size='14'><b>武将:</b></font>孙尚香&#xA;<font color='#00FF00' size='14'><b>势力:</b></font>吴&#xA;<font color='#00FF00' size='14'><b>体力:</b></font>3&#xA;<font color='#00FF00' size='14'><b>武将技:</b></font>结姻、枭姬<font color='#FF0000' size='12'>&#xA;标准武将</font>]]></Tips>
		<ShopDesc><![CDATA[]]></ShopDesc>
	</WuJiang>
	<WuJiang ItemID="30" ItemName="小乔" Country="3" GeneralEnable="true" GeneralNeedPay="false" GeneralShopID="0" SingleEnable="false" SingleBuyEnable="false" SingleShopID="0" DianJiangEnable="true" NeedPay="0" ExType="4">
		<Tips><![CDATA[<font color='#00FF00' size='14'><b>武将:</b></font>小乔&#xA;<font color='#00FF00' size='14'><b>势力:</b></font>吴&#xA;<font color='#00FF00' size='14'><b>体力:</b></font>3&#xA;<font color='#00FF00' size='14'><b>武将技:</b></font>天香、红颜<font color='#FF0000' size='12'>&#xA;风包武将</font>]]></Tips>
		<ShopDesc><![CDATA[]]></ShopDesc>
	</WuJiang>
	<WuJiang ItemID="31" ItemName="周泰" Country="3" GeneralEnable="true" GeneralNeedPay="false" GeneralShopID="0" SingleEnable="false" SingleBuyEnable="false" SingleShopID="0" DianJiangEnable="true" NeedPay="0" ExType="4">
		<Tips><![CDATA[<font color='#00FF00' size='14'><b>武将:</b></font>周泰&#xA;<font color='#00FF00' size='14'><b>势力:</b></font>吴&#xA;<font color='#00FF00' size='14'><b>体力:</b></font>4&#xA;<font color='#00FF00' size='14'><b>武将技:</b></font>不屈<font color='#FF0000' size='12'>&#xA;风包武将</font>]]></Tips>
		<ShopDesc><![CDATA[]]></ShopDesc>
	</WuJiang>
	<WuJiang ItemID="22" ItemName="华佗" Country="4" GeneralEnable="true" GeneralNeedPay="false" GeneralShopID="0" SingleEnable="false" SingleBuyEnable="false" SingleShopID="0" DianJiangEnable="true" NeedPay="0" ExType="1">
		<Tips><![CDATA[<font color='#00FF00' size='14'><b>武将:</b></font>华佗&#xA;<font color='#00FF00' size='14'><b>势力:</b></font>群&#xA;<font color='#00FF00' size='14'><b>体力:</b></font>3&#xA;<font color='#00FF00' size='14'><b>武将技:</b></font>急救、青囊<font color='#FF0000' size='12'>&#xA;标准武将</font>]]></Tips>
		<ShopDesc><![CDATA[]]></ShopDesc>
	</WuJiang>
	<WuJiang ItemID="23" ItemName="吕布" Country="4" GeneralEnable="true" GeneralNeedPay="false" GeneralShopID="0" SingleEnable="true" SingleBuyEnable="true" SingleShopID="239023" DianJiangEnable="true" NeedPay="0" ExType="1">
		<Tips><![CDATA[<font color='#00FF00' size='14'><b>武将:</b></font>吕布&#xA;<font color='#00FF00' size='14'><b>势力:</b></font>群&#xA;<font color='#00FF00' size='14'><b>体力:</b></font>4&#xA;<font color='#00FF00' size='14'><b>武将技:</b></font>无双<font color='#FF0000' size='12'>&#xA;标准武将</font>]]></Tips>
		<ShopDesc><![CDATA[]]></ShopDesc>
	</WuJiang>
	<WuJiang ItemID="24" ItemName="貂蝉" Country="4" GeneralEnable="true" GeneralNeedPay="false" GeneralShopID="0" SingleEnable="false" SingleBuyEnable="false" SingleShopID="0" DianJiangEnable="true" NeedPay="0" ExType="1">
		<Tips><![CDATA[<font color='#00FF00' size='14'><b>武将:</b></font>貂蝉&#xA;<font color='#00FF00' size='14'><b>势力:</b></font>群&#xA;<font color='#00FF00' size='14'><b>体力:</b></font>3&#xA;<font color='#00FF00' size='14'><b>武将技:</b></font>离间、闭月<font color='#FF0000' size='12'>&#xA;标准武将</font>]]></Tips>
		<ShopDesc><![CDATA[]]></ShopDesc>
	</WuJiang>
	<WuJiang ItemID="32" ItemName="张角" Country="4" GeneralEnable="true" GeneralNeedPay="false" GeneralShopID="0" SingleEnable="false" SingleBuyEnable="false" SingleShopID="0" DianJiangEnable="true" NeedPay="0" ExType="4">
		<Tips><![CDATA[<font color='#00FF00' size='14'><b>武将:</b></font>张角&#xA;<font color='#00FF00' size='14'><b>势力:</b></font>群&#xA;<font color='#00FF00' size='14'><b>体力:</b></font>3&#xA;<font color='#00FF00' size='14'><b>武将技:</b></font>雷击、鬼道、黄天<font color='#FF0000' size='12'>&#xA;风包武将</font>]]></Tips>
		<ShopDesc><![CDATA[]]></ShopDesc>
	</WuJiang>
	<WuJiang ItemID="33" ItemName="于吉" Country="4" GeneralEnable="true" GeneralNeedPay="false" GeneralShopID="0" SingleEnable="false" SingleBuyEnable="false" SingleShopID="0" DianJiangEnable="true" NeedPay="0" ExType="4">
		<Tips><![CDATA[<font color='#00FF00' size='14'><b>武将:</b></font>于吉&#xA;<font color='#00FF00' size='14'><b>势力:</b></font>群&#xA;<font color='#00FF00' size='14'><b>体力:</b></font>3&#xA;<font color='#00FF00' size='14'><b>武将技:</b></font>蛊惑<font color='#FF0000' size='12'>&#xA;风包武将</font>]]></Tips>
		<ShopDesc><![CDATA[]]></ShopDesc>
	</WuJiang>
	<WuJiang ItemID="34" ItemName="典韦" Country="1" GeneralEnable="true" GeneralNeedPay="true" GeneralShopID="903401" SingleEnable="false" SingleBuyEnable="false" SingleShopID="0" DianJiangEnable="true" NeedPay="0" ExType="16" Condition="3">
		<Tips><![CDATA[<font color='#00FF00' size='14'><b>武将:</b></font>典韦&#xA;<font color='#00FF00' size='14'><b>势力:</b></font>魏&#xA;<font color='#00FF00' size='14'><b>体力:</b></font>4&#xA;<font color='#00FF00' size='14'><b>武将技:</b></font>强袭<font color='#FF0000' size='12'>&#xA;火包武将</font>]]></Tips>
		<ShopDesc><![CDATA[  汉族,陈留人.早年曹操帐下大将.建安二年,张秀背叛曹操,典韦为保护曹操独挡叛军,击杀多人,最终因寡不敌众而战死.]]></ShopDesc>
	</WuJiang>
	<WuJiang ItemID="35" ItemName="荀彧" Country="1" GeneralEnable="true" GeneralNeedPay="true" GeneralShopID="903501" SingleEnable="false" SingleBuyEnable="false" SingleShopID="0" DianJiangEnable="true" NeedPay="0" ExType="16" Condition="3">
		<Tips><![CDATA[<font color='#00FF00' size='14'><b>武将:</b></font>荀彧&#xA;<font color='#00FF00' size='14'><b>势力:</b></font>魏&#xA;<font color='#00FF00' size='14'><b>体力:</b></font>3&#xA;<font color='#00FF00' size='14'><b>武将技:</b></font>驱虎、节命<font color='#FF0000' size='12'>&#xA;火包武将</font>]]></Tips>
		<ShopDesc><![CDATA[  字文若,颍川颍阴人.曹操帐下首席谋臣,杰出战略家.自小被世人称作"王佐之才"]]></ShopDesc>
	</WuJiang>
	<WuJiang ItemID="36" ItemName="庞统" Country="2" GeneralEnable="true" GeneralNeedPay="true" GeneralShopID="903601" SingleEnable="false" SingleBuyEnable="false" SingleShopID="0" DianJiangEnable="true" NeedPay="0" ExType="16" Condition="3">
		<Tips><![CDATA[<font color='#00FF00' size='14'><b>武将:</b></font>庞统&#xA;<font color='#00FF00' size='14'><b>势力:</b></font>蜀&#xA;<font color='#00FF00' size='14'><b>体力:</b></font>3&#xA;<font color='#00FF00' size='14'><b>武将技:</b></font>连环、涅槃<font color='#FF0000' size='12'>&#xA;火包武将</font>]]></Tips>
		<ShopDesc><![CDATA[  字士元,襄阳人.人称"凤雏",才智与"卧龙"诸葛亮齐名.赤壁之战借献计向曹操提供"铁索连环"战法.进攻雒县时,率众攻城,被流矢击中去世.]]></ShopDesc>
	</WuJiang>
	<WuJiang ItemID="37" ItemName="卧龙诸葛亮" Country="2" GeneralEnable="true" GeneralNeedPay="true" GeneralShopID="903701" SingleEnable="false" SingleBuyEnable="false" SingleShopID="0" DianJiangEnable="true" NeedPay="0" ExType="16" Condition="3">
		<Tips><![CDATA[<font color='#00FF00' size='14'><b>武将:</b></font>卧龙诸葛亮&#xA;<font color='#00FF00' size='14'><b>势力:</b></font>蜀&#xA;<font color='#00FF00' size='14'><b>体力:</b></font>3&#xA;<font color='#00FF00' size='14'><b>武将技:</b></font>八阵、火计、看破<font color='#FF0000' size='12'>&#xA;火包武将</font>]]></Tips>
		<ShopDesc><![CDATA[  字孔明,擅用火攻,曾用火攻战术赢得多场战役，如"火烧赤壁"、"火烧博望坡"、"火烧藤甲兵"等.]]></ShopDesc>
	</WuJiang>
	<WuJiang ItemID="38" ItemName="太史慈" Country="3" GeneralEnable="true" GeneralNeedPay="true" GeneralShopID="903801" SingleEnable="false" SingleBuyEnable="false" SingleShopID="0" DianJiangEnable="true" NeedPay="0" ExType="16" Condition="3">
		<Tips><![CDATA[<font color='#00FF00' size='14'><b>武将:</b></font>太史慈&#xA;<font color='#00FF00' size='14'><b>势力:</b></font>吴&#xA;<font color='#00FF00' size='14'><b>体力:</b></font>4&#xA;<font color='#00FF00' size='14'><b>武将技:</b></font>天义<font color='#FF0000' size='12'>&#xA;火包武将</font>]]></Tips>
		<ShopDesc><![CDATA[  字子义,东莱黄县人。东吴名将,守言应诺,恪遵信义,始终如一.原位刘鯀部下,后被孙策降服,于赤壁之战前病逝,时年四十一岁.]]></ShopDesc>
	</WuJiang>
	<WuJiang ItemID="39" ItemName="庞德" Country="4" GeneralEnable="true" GeneralNeedPay="true" GeneralShopID="903901" SingleEnable="false" SingleBuyEnable="false" SingleShopID="0" DianJiangEnable="true" NeedPay="0" ExType="16" Condition="3">
		<Tips><![CDATA[<font color='#00FF00' size='14'><b>武将:</b></font>庞德&#xA;<font color='#00FF00' size='14'><b>势力:</b></font>群&#xA;<font color='#00FF00' size='14'><b>体力:</b></font>4&#xA;<font color='#00FF00' size='14'><b>武将技:</b></font>马术、猛进<font color='#FF0000' size='12'>&#xA;火包武将</font>]]></Tips>
		<ShopDesc><![CDATA[  字令明,东汉雍州南安郡人.早年为西凉马腾部将,曾随马腾马超父子拒郭援、高干于平阳,亲斩援首.后为曹操部下重要将领,]]></ShopDesc>
	</WuJiang>
	<WuJiang ItemID="40" ItemName="颜良文丑" Country="4" GeneralEnable="true" GeneralNeedPay="true" GeneralShopID="904001" SingleEnable="false" SingleBuyEnable="false" SingleShopID="0" DianJiangEnable="true" NeedPay="0" ExType="16" Condition="3">
		<Tips><![CDATA[<font color='#00FF00' size='14'><b>武将:</b></font>颜良&文丑&#xA;<font color='#00FF00' size='14'><b>势力:</b></font>群&#xA;<font color='#00FF00' size='14'><b>体力:</b></font>4&#xA;<font color='#00FF00' size='14'><b>武将技:</b></font>双雄<font color='#FF0000' size='12'>&#xA;火包武将</font>]]></Tips>
		<ShopDesc><![CDATA[  东汉末年袁绍部下猛将，骁勇善战，素有威名，最终双双亡于武圣关羽刀下。]]></ShopDesc>
	</WuJiang>
	<WuJiang ItemID="41" ItemName="袁绍" Country="4" GeneralEnable="true" GeneralNeedPay="true" GeneralShopID="904101" SingleEnable="false" SingleBuyEnable="false" SingleShopID="0" DianJiangEnable="true" NeedPay="0" ExType="16" Condition="3">
		<Tips><![CDATA[<font color='#00FF00' size='14'><b>武将:</b></font>袁绍&#xA;<font color='#00FF00' size='14'><b>势力:</b></font>群&#xA;<font color='#00FF00' size='14'><b>体力:</b></font>4&#xA;<font color='#00FF00' size='14'><b>武将技:</b></font>乱击、血裔<font color='#FF0000' size='12'>&#xA;火包武将</font>]]></Tips>
		<ShopDesc><![CDATA[  字本初,汝南汝阳人,出身名门望族,四世三公,曾为讨伐董卓的十八路联军盟主,曾击败公孙瓒.官渡之战中败于曹操.]]></ShopDesc>
	</WuJiang>
	<WuJiang ItemID="100" ItemName="袁术" Country="4" GeneralEnable="true" GeneralNeedPay="true" GeneralShopID="910001" SingleEnable="false" SingleBuyEnable="false" SingleShopID="0" DianJiangEnable="true" NeedPay="0" ExType="256" Condition="3">
		<Tips><![CDATA[<font color='#00FF00' size='14'><b>武将:</b></font>袁术&#xA;<font color='#00FF00' size='14'><b>势力:</b></font>群&#xA;<font color='#00FF00' size='14'><b>体力:</b></font>4&#xA;<font color='#00FF00' size='14'><b>武将技:</b></font>庸肆、伪帝<font color='#FF0000' size='12'>&#xA;SP武将</font>]]></Tips>
		<ShopDesc><![CDATA[  字公路,汝南人,袁绍之弟.董卓以袁术为后将军,袁术因畏祸而出奔南阳.与袁绍、曹操等起兵讨伐董卓.后与袁绍对立,被击败.]]></ShopDesc>
	</WuJiang>
	<WuJiang ItemID="101" ItemName="公孙瓒" Country="4" GeneralEnable="true" GeneralNeedPay="true" GeneralShopID="910101" SingleEnable="false" SingleBuyEnable="false" SingleShopID="0" DianJiangEnable="true" NeedPay="0" ExType="256" Condition="7">
		<Tips><![CDATA[<font color='#00FF00' size='14'><b>武将:</b></font>公孙瓒&#xA;<font color='#00FF00' size='14'><b>势力:</b></font>群&#xA;<font color='#00FF00' size='14'><b>体力:</b></font>4&#xA;<font color='#00FF00' size='14'><b>武将技:</b></font>义从<font color='#FF0000' size='12'>&#xA;SP武将</font>]]></Tips>
		<ShopDesc><![CDATA[  字伯珪,汉族,辽西令支人.东汉末年献帝年间占据幽州一带的军阀,汉末群雄之一.]]></ShopDesc>
	</WuJiang>
	<WuJiang ItemID="102" ItemName="SP貂蝉" Country="4" GeneralEnable="true" GeneralNeedPay="true" GeneralShopID="910201" SingleEnable="false" SingleBuyEnable="false" SingleShopID="0" DianJiangEnable="true" NeedPay="0" ExType="256" Condition="3">
		<Tips><![CDATA[<font color='#00FF00' size='14'><b>武将:</b></font>SP貂蝉&#xA;<font color='#00FF00' size='14'><b>势力:</b></font>群&#xA;<font color='#00FF00' size='14'><b>体力:</b></font>3&#xA;<font color='#00FF00' size='14'><b>武将技:</b></font>离间、闭月<font color='#FF0000' size='12'>&#xA;SP武将</font>]]></Tips>
		<ShopDesc><![CDATA[  中国古代四大美女之一,司徒王允之义女,由王允授意施行连环计,离间董卓、吕布,借吕布手除卓.后貂蝉成为吕布的妾.]]></ShopDesc>
	</WuJiang>
	<WuJiang ItemID="103" ItemName="SP孙尚香" Country="2" GeneralEnable="true" GeneralNeedPay="true" GeneralShopID="910301" SingleEnable="false" SingleBuyEnable="false" SingleShopID="0" DianJiangEnable="true" NeedPay="0" ExType="256" Condition="3">
		<Tips><![CDATA[<font color='#00FF00' size='14'><b>武将:</b></font>SP孙尚香&#xA;<font color='#00FF00' size='14'><b>势力:</b></font>蜀&#xA;<font color='#00FF00' size='14'><b>体力:</b></font>3&#xA;<font color='#00FF00' size='14'><b>武将技:</b></font>结姻、枭姬<font color='#FF0000' size='12'>&#xA;SP武将</font>]]></Tips>
		<ShopDesc><![CDATA[  孙夫人,乃孙权之妹.刘备定荆州,孙权进妹与其结姻,重固盟好.孙夫人才捷刚猛,有诸兄之风.后人为其立庙,号曰"枭姬庙".]]></ShopDesc>
	</WuJiang>
	<WuJiang ItemID="107" ItemName="SP马超" Country="4" GeneralEnable="true" GeneralNeedPay="true" GeneralShopID="910701" SingleEnable="false" SingleBuyEnable="false" SingleShopID="0" DianJiangEnable="true" NeedPay="0" ExType="256" Condition="3">
		<Tips><![CDATA[<font color='#00FF00' size='14'><b>武将:</b></font>SP马超&#xA;<font color='#00FF00' size='14'><b>势力:</b></font>群&#xA;<font color='#00FF00' size='14'><b>体力:</b></font>4&#xA;<font color='#00FF00' size='14'><b>武将技:</b></font>马术、铁骑<font color='#FF0000' size='12'>&#xA;SP武将</font>]]></Tips>
		<ShopDesc><![CDATA[  字孟起，扶风茂陵人。面如冠玉，目如流星，虎体猿臂，彪腹狼腰，声雄力猛。因衣着讲究，举止非凡，故人称“锦马超”。麾铁骑，捻金枪。]]></ShopDesc>
	</WuJiang>
	<WuJiang ItemID="154" ItemName="法正" Country="2" GeneralEnable="true" GeneralNeedPay="true" GeneralShopID="915401" SingleEnable="false" SingleBuyEnable="false" SingleShopID="0" DianJiangEnable="true" NeedPay="0" ExType="1024" Condition="7">
		<Tips><![CDATA[<font color='#00FF00' size='14'><b>武将:</b></font>法正&#xA;<font color='#00FF00' size='14'><b>势力:</b></font>蜀&#xA;<font color='#00FF00' size='14'><b>体力:</b></font>3&#xA;<font color='#00FF00' size='14'><b>武将技:</b></font>恩怨、眩惑<font color='#FF0000' size='12'>&#xA;一将成名武将</font>]]></Tips>
		<ShopDesc><![CDATA[  字孝直,扶风郿人.东汉末年名士,本为刘璋部下,刘备入蜀时归于刘备帐下.深得刘备信任,善奇谋.]]></ShopDesc>
	</WuJiang>
	<WuJiang ItemID="156" ItemName="马谡" Country="2" GeneralEnable="true" GeneralNeedPay="true" GeneralShopID="915601" SingleEnable="false" SingleBuyEnable="false" SingleShopID="0" DianJiangEnable="true" NeedPay="0" ExType="1024" Condition="3">
		<Tips><![CDATA[<font color='#00FF00' size='14'><b>武将:</b></font>马谡&#xA;<font color='#00FF00' size='14'><b>势力:</b></font>蜀&#xA;<font color='#00FF00' size='14'><b>体力:</b></font>3&#xA;<font color='#00FF00' size='14'><b>武将技:</b></font>心战、挥泪<font color='#FF0000' size='12'>&#xA;一将成名武将</font>]]></Tips>
		<ShopDesc><![CDATA[  字幼常,襄阳人,蜀汉大臣，马良之弟.初以荆州从事跟随刘备取蜀入川,曾任绵竹太守.诸葛亮用为参军.马谡"才器过人".]]></ShopDesc>
	</WuJiang>
	<WuJiang ItemID="160" ItemName="于禁" Country="1" GeneralEnable="true" GeneralNeedPay="true" GeneralShopID="916001" SingleEnable="false" SingleBuyEnable="false" SingleShopID="0" DianJiangEnable="true" NeedPay="0" ExType="1024" Condition="3">
		<Tips><![CDATA[<font color='#00FF00' size='14'><b>武将:</b></font>于禁&#xA;<font color='#00FF00' size='14'><b>势力:</b></font>魏&#xA;<font color='#00FF00' size='14'><b>体力:</b></font>4&#xA;<font color='#00FF00' size='14'><b>武将技:</b></font>毅重<font color='#FF0000' size='12'>&#xA;一将成名武将</font>]]></Tips>
		<ShopDesc><![CDATA[  字文则,泰山钜平人.曹魏武将.本为鲍信部将，后属曹操，曾于张绣造反时讨伐不守军纪的青州兵，曹操赞他可与古代名将相比.]]></ShopDesc>
	</WuJiang>
	<WuJiang ItemID="159" ItemName="徐庶" Country="2" GeneralEnable="true" GeneralNeedPay="true" GeneralShopID="915901" SingleEnable="false" SingleBuyEnable="false" SingleShopID="0" DianJiangEnable="true" NeedPay="0" ExType="1024" Condition="3">
		<Tips><![CDATA[<font color='#00FF00' size='14'><b>武将:</b></font>徐庶&#xA;<font color='#00FF00' size='14'><b>势力:</b></font>蜀&#xA;<font color='#00FF00' size='14'><b>体力:</b></font>3&#xA;<font color='#00FF00' size='14'><b>武将技:</b></font>无言、举荐<font color='#FF0000' size='12'>&#xA;一将成名武将</font>]]></Tips>
		<ShopDesc><![CDATA[  字元直,颍川人.曾遍访名师,与司马徽、诸葛亮等人为友.曾仕官于新野的刘备,后因曹操囚其母而不得不弃备投操.]]></ShopDesc>
	</WuJiang>
	<WuJiang ItemID="42" ItemName="徐晃" Country="1" GeneralEnable="true" GeneralNeedPay="true" GeneralShopID="904201" SingleEnable="false" SingleBuyEnable="false" SingleShopID="0" DianJiangEnable="true" NeedPay="0" ExType="32" Condition="2">
		<Tips><![CDATA[<font color='#00FF00' size='14'><b>武将:</b></font>徐晃&#xA;<font color='#00FF00' size='14'><b>势力:</b></font>魏&#xA;<font color='#00FF00' size='14'><b>体力:</b></font>4&#xA;<font color='#00FF00' size='14'><b>武将技:</b></font>断粮<font color='#FF0000' size='12'>&#xA;林包武将</font>]]></Tips>
		<ShopDesc><![CDATA[  字公明,河东人.三国时期曹魏名将,杨奉被曹操击败后转投曹操,在曹操手下多立功勋,参与官渡、赤壁等几次重大战役.]]></ShopDesc>
	</WuJiang>
	<WuJiang ItemID="43" ItemName="曹丕" Country="1" GeneralEnable="true" GeneralNeedPay="true" GeneralShopID="904301" SingleEnable="false" SingleBuyEnable="false" SingleShopID="0" DianJiangEnable="true" NeedPay="0" ExType="32" Condition="2">
		<Tips><![CDATA[<font color='#00FF00' size='14'><b>武将:</b></font>曹丕&#xA;<font color='#00FF00' size='14'><b>势力:</b></font>魏&#xA;<font color='#00FF00' size='14'><b>体力:</b></font>3&#xA;<font color='#00FF00' size='14'><b>武将技:</b></font>行殇、放逐、颂威<font color='#FF0000' size='12'>&#xA;林包武将</font>]]></Tips>
		<ShopDesc><![CDATA[  字子桓,三国时期著名的政治家、文学家,曹魏的开国皇帝.魏武帝曹操与武宣卞皇后的长子.去世后谥为文皇帝.葬于首阳陵.]]></ShopDesc>
	</WuJiang>
	<WuJiang ItemID="44" ItemName="孙坚" Country="3" GeneralEnable="true" GeneralNeedPay="true" GeneralShopID="904401" SingleEnable="false" SingleBuyEnable="false" SingleShopID="0" DianJiangEnable="true" NeedPay="0" ExType="32" Condition="2">
		<Tips><![CDATA[<font color='#00FF00' size='14'><b>武将:</b></font>孙坚&#xA;<font color='#00FF00' size='14'><b>势力:</b></font>吴&#xA;<font color='#00FF00' size='14'><b>体力:</b></font>4&#xA;<font color='#00FF00' size='14'><b>武将技:</b></font>英魂<font color='#FF0000' size='12'>&#xA;林包武将</font>]]></Tips>
		<ShopDesc><![CDATA[  字文台,吴郡富春人.东汉末期地方军阀,著名将领.大军事家孙武的后裔.三国中吴国的奠基人.孙权建国后,追谥孙坚为武烈皇帝.]]></ShopDesc>
	</WuJiang>
	<WuJiang ItemID="45" ItemName="董卓" Country="4" GeneralEnable="true" GeneralNeedPay="true" GeneralShopID="904501" SingleEnable="false" SingleBuyEnable="false" SingleShopID="0" DianJiangEnable="true" NeedPay="0" ExType="32" Condition="2">
		<Tips><![CDATA[<font color='#00FF00' size='14'><b>武将:</b></font>董卓&#xA;<font color='#00FF00' size='14'><b>势力:</b></font>群&#xA;<font color='#00FF00' size='14'><b>体力:</b></font>8&#xA;<font color='#00FF00' size='14'><b>武将技:</b></font>酒池、肉林、崩坏、暴虐<font color='#FF0000' size='12'>&#xA;林包武将</font>]]></Tips>
		<ShopDesc><![CDATA[  字仲颖,陇西临洮人.西凉军阀.官至太师.为人残忍嗜杀,倒行逆施,招致群雄联合讨伐.后被其亲信吕布所杀.]]></ShopDesc>
	</WuJiang>
	<WuJiang ItemID="46" ItemName="祝融" Country="2" GeneralEnable="true" GeneralNeedPay="true" GeneralShopID="904601" SingleEnable="false" SingleBuyEnable="false" SingleShopID="0" DianJiangEnable="true" NeedPay="0" ExType="32" Condition="2">
		<Tips><![CDATA[<font color='#00FF00' size='14'><b>武将:</b></font>祝融&#xA;<font color='#00FF00' size='14'><b>势力:</b></font>蜀&#xA;<font color='#00FF00' size='14'><b>体力:</b></font>4&#xA;<font color='#00FF00' size='14'><b>武将技:</b></font>巨象、烈刃<font color='#FF0000' size='12'>&#xA;林包武将</font>]]></Tips>
		<ShopDesc><![CDATA[  据传为火神祝融氏后裔,南蛮王孟获之妻.曾与孟获一起抵抗蜀军,在诸葛亮七擒七纵孟获之后,随孟获投降蜀汉.]]></ShopDesc>
	</WuJiang>
	<WuJiang ItemID="47" ItemName="孟获" Country="2" GeneralEnable="true" GeneralNeedPay="true" GeneralShopID="904701" SingleEnable="false" SingleBuyEnable="false" SingleShopID="0" DianJiangEnable="true" NeedPay="0" ExType="32" Condition="2">
		<Tips><![CDATA[<font color='#00FF00' size='14'><b>武将:</b></font>孟获&#xA;<font color='#00FF00' size='14'><b>势力:</b></font>蜀&#xA;<font color='#00FF00' size='14'><b>体力:</b></font>4&#xA;<font color='#00FF00' size='14'><b>武将技:</b></font>祸首、再起<font color='#FF0000' size='12'>&#xA;林包武将</font>]]></Tips>
		<ShopDesc><![CDATA[  中国三国时期南中少数族首领.系东汉末益州建宁郡大姓, 身材肥硕.生卒年不详.官至御史中丞.曾被诸葛亮七擒七纵,传为佳话.]]></ShopDesc>
	</WuJiang>
	<WuJiang ItemID="48" ItemName="贾诩" Country="4" GeneralEnable="true" GeneralNeedPay="true" GeneralShopID="904801" SingleEnable="false" SingleBuyEnable="false" SingleShopID="0" DianJiangEnable="true" NeedPay="0" ExType="32" Condition="2">
		<Tips><![CDATA[<font color='#00FF00' size='14'><b>武将:</b></font>贾诩&#xA;<font color='#00FF00' size='14'><b>势力:</b></font>群&#xA;<font color='#00FF00' size='14'><b>体力:</b></font>3&#xA;<font color='#00FF00' size='14'><b>武将技:</b></font>完杀、乱武、帷幕<font color='#FF0000' size='12'>&#xA;林包武将</font>]]></Tips>
		<ShopDesc><![CDATA[  字文和，武威姑臧（今甘肃武威）人。三国时期魏国著名谋士。官至太尉，谥曰肃侯,以远见闻名.]]></ShopDesc>
	</WuJiang>
	<WuJiang ItemID="49" ItemName="鲁肃" Country="3" GeneralEnable="true" GeneralNeedPay="true" GeneralShopID="904901" SingleEnable="false" SingleBuyEnable="false" SingleShopID="0" DianJiangEnable="true" NeedPay="0" ExType="32" Condition="2">
		<Tips><![CDATA[<font color='#00FF00' size='14'><b>武将:</b></font>鲁肃&#xA;<font color='#00FF00' size='14'><b>势力:</b></font>吴&#xA;<font color='#00FF00' size='14'><b>体力:</b></font>3&#xA;<font color='#00FF00' size='14'><b>武将技:</b></font>好施、缔盟<font color='#FF0000' size='12'>&#xA;林包武将</font>]]></Tips>
		<ShopDesc><![CDATA[  字子敬,临淮东城人,东吴著名军事统帅.曾为孙权提出鼎足江东的战略规划,得到孙权的赏识,周瑜死后代其领兵,守陆口.]]></ShopDesc>
	</WuJiang>
	<WuJiang ItemID="141" ItemName="士兵" Country="0" GeneralEnable="false" GeneralNeedPay="true" GeneralShopID="0" SingleEnable="true" SingleBuyEnable="false" SingleShopID="0" DianJiangEnable="false" NeedPay="0" ExType="1024" Condition="2">
		<Tips><![CDATA[<font color='#00FF00' size='14'><b>武将:</b></font>士兵&#xA;<font color='#00FF00' size='14'><b>势力:</b></font>无&#xA;<font color='#00FF00' size='14'><b>体力:</b></font>4&#xA;<font color='#00FF00' size='14'><b>武将技:</b></font>无]]></Tips>
		<ShopDesc><![CDATA[]]></ShopDesc>
	</WuJiang>
	<WuJiang ItemID="201" ItemName="神关羽" Country="5" GeneralEnable="true" GeneralNeedPay="false" GeneralShopID="0" SingleEnable="false" SingleBuyEnable="false" SingleShopID="0" DianJiangEnable="true" DianJiangShopID="120101" NeedPay="0" ExType="8192">
		<Tips><![CDATA[<font color='#00FF00' size='14'><b>武将:</b></font>神*关羽&#xA;<font color='#00FF00' size='14'><b>势力:</b></font>神&#xA;<font color='#00FF00' size='14'><b>体力:</b></font>5&#xA;<font color='#00FF00' size='14'><b>武将技:</b></font>武神、武魂<font color='#FF0000' size='12'>&#xA;神武将</font>]]></Tips>
		<ShopDesc><![CDATA[]]></ShopDesc>
	</WuJiang>
	<WuJiang ItemID="202" ItemName="神吕蒙" Country="5" GeneralEnable="true" GeneralNeedPay="false" GeneralShopID="0" SingleEnable="false" SingleBuyEnable="false" SingleShopID="0" DianJiangEnable="true" DianJiangShopID="120201" NeedPay="0" ExType="8192">
		<Tips><![CDATA[<font color='#00FF00' size='14'><b>武将:</b></font>神*吕蒙&#xA;<font color='#00FF00' size='14'><b>势力:</b></font>神&#xA;<font color='#00FF00' size='14'><b>体力:</b></font>3&#xA;<font color='#00FF00' size='14'><b>武将技:</b></font>涉猎、攻心<font color='#FF0000' size='12'>&#xA;神武将</font>]]></Tips>
		<ShopDesc><![CDATA[]]></ShopDesc>
	</WuJiang>
	<WuJiang ItemID="203" ItemName="神周瑜" Country="5" GeneralEnable="true" GeneralNeedPay="false" GeneralShopID="0" SingleEnable="false" SingleBuyEnable="false" SingleShopID="0" DianJiangEnable="true" DianJiangShopID="120301" NeedPay="0" ExType="16384">
		<Tips><![CDATA[<font color='#00FF00' size='14'><b>武将:</b></font>神周瑜&#xA;<font color='#00FF00' size='14'><b>势力:</b></font>神&#xA;<font color='#00FF00' size='14'><b>体力:</b></font>4&#xA;<font color='#00FF00' size='14'><b>武将技:</b></font>琴音、业炎<font color='#FF0000' size='12'>&#xA;神武将</font>]]></Tips>
		<ShopDesc><![CDATA[]]></ShopDesc>
	</WuJiang>
	<WuJiang ItemID="204" ItemName="神诸葛亮" Country="5" GeneralEnable="true" GeneralNeedPay="false" GeneralShopID="0" SingleEnable="false" SingleBuyEnable="false" SingleShopID="0" DianJiangEnable="true" DianJiangShopID="120401" NeedPay="0" ExType="16384">
		<Tips><![CDATA[<font color='#00FF00' size='14'><b>武将:</b></font>神诸葛亮&#xA;<font color='#00FF00' size='14'><b>势力:</b></font>神&#xA;<font color='#00FF00' size='14'><b>体力:</b></font>3&#xA;<font color='#00FF00' size='14'><b>武将技:</b></font>七星、狂风、大雾<font color='#FF0000' size='12'>&#xA;神武将</font>]]></Tips>
		<ShopDesc><![CDATA[]]></ShopDesc>
	</WuJiang>
	<WuJiang ItemID="105" ItemName="SP庞德" Country="1" GeneralEnable="true" GeneralNeedPay="true" GeneralShopID="910501" SingleEnable="false" SingleBuyEnable="false" SingleShopID="0" DianJiangEnable="true" NeedPay="0" ExType="256" Condition="2">
		<Tips><![CDATA[<font color='#00FF00' size='14'><b>武将:</b></font>SP庞德&#xA;<font color='#00FF00' size='14'><b>势力:</b></font>魏&#xA;<font color='#00FF00' size='14'><b>体力:</b></font>4&#xA;<font color='#00FF00' size='14'><b>武将技:</b></font>马术、猛进<font color='#FF0000' size='12'>&#xA;SP武将</font>]]></Tips>
		<ShopDesc><![CDATA[  庞德，字令明，东汉末年雍州南安郡狟道县（今甘肃省定西市陇西县东南）人。曹操部下重要将领。少为郡吏州从事。庞德随马腾子马超拒郭援、高干于平阳，庞德为军锋，进攻郭援、高干，大破之，亲斩援首。官至立义将军、关门亭侯。谥曰壮侯。]]></ShopDesc>
	</WuJiang>
	<WuJiang ItemID="110" ItemName="SP贾诩" Country="1" GeneralEnable="true" GeneralNeedPay="true" GeneralShopID="911001" SingleEnable="false" SingleBuyEnable="false" SingleShopID="0" DianJiangEnable="true" NeedPay="0" ExType="256" Condition="2">
		<Tips><![CDATA[<font color='#00FF00' size='14'><b>武将:</b></font>SP贾诩&#xA;<font color='#00FF00' size='14'><b>势力:</b></font>魏&#xA;<font color='#00FF00' size='14'><b>体力:</b></font>3&#xA;<font color='#00FF00' size='14'><b>武将技:</b></font>完杀、乱武、帷幕<font color='#FF0000' size='12'>&#xA;SP武将</font>]]></Tips>
		<ShopDesc><![CDATA[  字文和，武威姑臧（今甘肃武威）人。三国时期魏国著名谋士。官至太尉，谥曰肃侯。以远见闻名]]></ShopDesc>
	</WuJiang>
	<WuJiang ItemID="108" ItemName="☆SP赵云" Country="4" GeneralEnable="true" GeneralNeedPay="true" GeneralShopID="910801" SingleEnable="false" SingleBuyEnable="false" SingleShopID="0" DianJiangEnable="true" NeedPay="0" ExType="256" Condition="2">
		<Tips><![CDATA[<font color='#00FF00' size='14'><b>武将:</b></font>☆SP赵云&#xA;<font color='#00FF00' size='14'><b>势力:</b></font>群&#xA;<font color='#00FF00' size='14'><b>体力:</b></font>3&#xA;<font color='#00FF00' size='14'><b>武将技:</b></font>龙胆、冲阵<font color='#FF0000' size='12'>&#xA;SP武将</font>]]></Tips>
		<ShopDesc><![CDATA[  字子龙，常山真定人，公孙瓒部将。公孙瓒派遣刘备为田楷拒袁绍时，赵云为其随从，后跟随刘备。]]></ShopDesc>
	</WuJiang>
	<WuJiang ItemID="109" ItemName="☆SP貂蝉" Country="4" GeneralEnable="true" GeneralNeedPay="true" GeneralShopID="910901" SingleEnable="false" SingleBuyEnable="false" SingleShopID="0" DianJiangEnable="true" NeedPay="0" ExType="256" Condition="2">
		<Tips><![CDATA[<font color='#00FF00' size='14'><b>武将:</b></font>☆SP貂蝉&#xA;<font color='#00FF00' size='14'><b>势力:</b></font>群&#xA;<font color='#00FF00' size='14'><b>体力:</b></font>3&#xA;<font color='#00FF00' size='14'><b>武将技:</b></font>离魂、闭月<font color='#FF0000' size='12'>&#xA;SP武将</font>]]></Tips>
		<ShopDesc><![CDATA[  中国古代四大美女之一，有闭月羞花之貌。据传，凡子见其者，其魂离身也。司徒王允之义女，后为吕布之妾。]]></ShopDesc>
	</WuJiang>
</WuJiangs>
<!--
	Condition 武将可点补充条件
	Condition&1  普通会员才能点将
	Condition&2  高级会员才能点将
	Condition&4  无条件试用
	SingleEnable 副本武将列表中是否显示
	SingleBuyEnable 副本武将是否需要购买
	SingleShopID 副本武将在商城中的商品ID
	DianJiangEnable 点将中是否可用
-->
