<?xml version="1.0" encoding="UTF-8"?>
<FigureAssignment>
	<Figure ZhuGong="1" ZhongChen="0" NeiJian="0" FanZei="1" ID="1" Name="两人身份局"/>
	<Figure ZhuGong="1" ZhongChen="0" NeiJian="1" FanZei="1" ID="2" Name="三人身份局"/>
	<Figure ZhuGong="1" ZhongChen="1" NeiJian="1" FanZei="1" ID="3" Name="四人身份局"/>
	<Figure ZhuGong="1" ZhongChen="1" NeiJian="1" FanZei="2" ID="4" Name="五人身份局"/>
	<Figure ZhuGong="1" ZhongChen="1" NeiJian="1" FanZei="3" ID="5" Name="六人身份局"/>
	<Figure ZhuGong="1" ZhongChen="2" NeiJian="1" FanZei="3" ID="6" Name="七人身份局"/>
	<Figure ZhuGong="1" ZhongChen="2" NeiJian="1" FanZei="4" ID="7" Name="八人身份局"/>
	<Figure ZhuGong="1" ZhongChen="1" NeiJian="2" FanZei="2" ID="8" Name="六人身份局(双内奸)"/>
	<Figure ZhuGong="1" ZhongChen="2" NeiJian="2" FanZei="3" ID="9" Name="八人身份局(双内奸)"/>
	<Figure ZhuGong="1" ZhongChen="2" NeiJian="1" FanZei="2" ID="10" Name="3v3冷方是自己"/>
	<Figure ZhuGong="1" ZhongChen="2" NeiJian="1" FanZei="2" ID="11" Name="3v3暖方是自己"/>
	<Figure ZhuGong="1" ZhongChen="0" NeiJian="1" FanZei="0" ID="12" Name="1v1"/>
	<Figure ZhuGong="1" ZhongChen="0" NeiJian="0" FanZei="3" ID="13" Name="1v3"/>
</FigureAssignment>