﻿<?xml version="1.0" encoding="UTF-8"?>
<Cards>
	<Card CardID="1" CardName="刘备" Class="LiuBei" Country="2" Gender="1" HP="4"/>
	<Card CardID="2" CardName="关羽" Class="GuanYu" Country="2" Gender="1" HP="4"/>
	<Card CardID="3" CardName="张飞" Class="ZhangFei" Country="2" Gender="1" HP="4"/>
	<Card CardID="4" CardName="诸葛亮" Class="ZhuGeLiang" Country="2" Gender="1" HP="3"/>
	<Card CardID="5" CardName="赵云" Class="ZhaoYun" Country="2" Gender="1" HP="4" SP="108"/>
	<Card CardID="6" CardName="马超" Class="MaChao" Country="2" Gender="1" HP="4" SP="107"/>
	<Card CardID="7" CardName="黄月英" Class="HuangYueYing" Country="2" Gender="2" HP="3"/>
	<Card CardID="8" CardName="孙权" Class="SunQuan" Country="3" Gender="1" HP="4"/>
	<Card CardID="9" CardName="甘宁" Class="GanNing" Country="3" Gender="1" HP="4"/>
	<Card CardID="10" CardName="吕蒙" Class="LvMeng" Country="3" Gender="1" HP="4"/>
	<Card CardID="11" CardName="黄盖" Class="HuangGai" Country="3" Gender="1" HP="4"/>
	<Card CardID="12" CardName="周瑜" Class="ZhouYu" Country="3" Gender="1" HP="3"/>
	<Card CardID="13" CardName="大乔" Class="DaQiao" Country="3" Gender="2" HP="3"/>
	<Card CardID="14" CardName="陆逊" Class="LuXun" Country="3" Gender="1" HP="3"/>
	<Card CardID="15" CardName="曹操" Class="CaoCao" Country="1" Gender="1" HP="4"/>
	<Card CardID="16" CardName="司马懿" Class="SiMaYi" Country="1" Gender="1" HP="3"/>
	<Card CardID="17" CardName="夏侯惇" Class="XiaHouDun" Country="1" Gender="1" HP="4"/>
	<Card CardID="18" CardName="张辽" Class="ZhangLiao" Country="1" Gender="1" HP="4"/>
	<Card CardID="19" CardName="许褚" Class="XuChu" Country="1" Gender="1" HP="4"/>
	<Card CardID="20" CardName="郭嘉" Class="GuoJia" Country="1" Gender="1" HP="3"/>
	<Card CardID="21" CardName="甄姬" Class="ZhenJi" Country="1" Gender="2" HP="3"/>
	<Card CardID="22" CardName="华佗" Class="HuaTuo" Country="4" Gender="1" HP="3"/>
	<Card CardID="23" CardName="吕布" Class="LvBu" Country="4" Gender="1" HP="4"/>
	<Card CardID="24" CardName="貂蝉" Class="DiaoChan" Country="4" Gender="2" HP="3" SP="102,109"/>
	<Card CardID="25" CardName="孙尚香" Class="SunShangXiang" Country="3" Gender="2" HP="3" SP="103"/>

	<Card CardID="26" CardName="黄忠" Class="HuangZhong" Country="2" Gender="1" HP="4"/>
	<Card CardID="27" CardName="魏延" Class="WeiYan" Country="2" Gender="1" HP="4"/>
	<Card CardID="28" CardName="夏侯渊" Class="XiaHouYuan" Country="1" Gender="1" HP="4"/>
	<Card CardID="29" CardName="曹仁" Class="CaoRen" Country="1" Gender="1" HP="4"/>
	<Card CardID="30" CardName="小乔" Class="XiaoQiao" Country="3" Gender="2" HP="3"/>
	<Card CardID="31" CardName="周泰" Class="ZhouTai" Country="3" Gender="1" HP="4"/>
	<Card CardID="32" CardName="张角" Class="ZhangJiao" Country="4" Gender="1" HP="3"/>
	<Card CardID="33" CardName="于吉" Class="YuJi" Country="4" Gender="1" HP="3"/>

	<Card CardID="34" CardName="典韦" Class="DianWei" Country="1" Gender="1" HP="4"/>
	<Card CardID="35" CardName="荀彧" Class="XunYu" Country="1" Gender="1" HP="3"/>
	<Card CardID="36" CardName="庞统" Class="PangTong" Country="2" Gender="1" HP="3"/>
	<Card CardID="37" CardName="卧龙诸葛亮" Class="WoLongZhuGeLiang" Country="2" Gender="1" HP="3"/>
	<Card CardID="38" CardName="太史慈" Class="TaiShiCi" Country="3" Gender="1" HP="4"/>
	<Card CardID="39" CardName="庞德" Class="PangDe" Country="4" Gender="1" HP="4" SP="105"/>
	<Card CardID="40" CardName="颜良&文丑" Class="YanLiangWenChou" Country="4" Gender="1" HP="4"/>
	<Card CardID="41" CardName="袁绍" Class="YuanShao" Country="4" Gender="1" HP="4"/>
	
	<Card CardID="42" CardName="徐晃" Class="XuHuang" Country="1" Gender="1" HP="4"/>
	<Card CardID="43" CardName="曹丕" Class="CaoPi" Country="1" Gender="1" HP="3"/>
	<Card CardID="44" CardName="孙坚" Class="SunJian" Country="3" Gender="1" HP="4"/>
	<Card CardID="45" CardName="董卓" Class="DongZhuo" Country="4" Gender="1" HP="8"/>
	<Card CardID="46" CardName="祝融" Class="ZhuRong" Country="2" Gender="2" HP="4"/>
	<Card CardID="47" CardName="孟获" Class="MengHuo" Country="2" Gender="1" HP="4"/>
	<Card CardID="48" CardName="贾诩" Class="JiaXu" Country="4" Gender="1" HP="3" SP="110"/>
	<Card CardID="49" CardName="鲁肃" Class="LuSu" Country="3" Gender="1" HP="3"/>
	
	<Card CardID="100" CardName="袁术" NeedPay="0" Class="YuanShu" Country="4" Gender="1" HP="4" GoodsID = "170109"/>
	<Card CardID="101" CardName="公孙瓒" NeedPay="0" Class="GongSunZan" Country="4" Gender="1" HP="4" GoodsID = "170110"/>
	<Card CardID="102" CardName="SP貂蝉" Class="DiaoChanOnline" Country="4" Gender="2" HP="3"/>
	<Card CardID="103" CardName="SP孙尚香" Class="SunShangXiangOnline" Country="2" Gender="2" HP="3"/>
	<Card CardID="105" CardName="SP庞德" Class="PangDeOnline" Country="1" Gender="1" HP="4"/>
	<Card CardID="107" CardName="SP马超" Class="MaChaoOnline" Country="4" Gender="1" HP="4"/>
	<Card CardID="108" CardName="☆SP赵云" Class="ZhaoYunOnline" Country="4" Gender="1" HP="3"/>
	<Card CardID="109" CardName="☆SP貂蝉" Class="DiaoChanOnline2" Country="4" Gender="2" HP="3"/>
	<Card CardID="110" CardName="SP贾诩" Class="JiaXuOnline" Country="1" Gender="1" HP="3"/>
	
	<Card CardID="141" CardName="刘备" Class="ShiBing141" Avatar="LiuBei" Country="2" Gender="1" HP="4"/>
	<Card CardID="142" CardName="孙权" Class="ShiBing142" Avatar="SunQuan" Country="3" Gender="1" HP="4"/>
	<Card CardID="143" CardName="曹操" Class="ShiBing143" Avatar="CaoCao" Country="1" Gender="1" HP="4"/>
	<Card CardID="144" CardName="吕布" Class="ShiBing144" Avatar="LvBu" Country="4" Gender="1" HP="4"/>
	<Card CardID="145" CardName="关羽" Class="ShiBing145" Avatar="GuanYu" Country="2" Gender="1" HP="4"/>
	<Card CardID="146" CardName="士兵6" Class="ShiBing146" Country="0" Gender="1" HP="4"/>
	<Card CardID="147" CardName="士兵7" Class="ShiBing147" Country="0" Gender="1" HP="4"/>
	<Card CardID="148" CardName="士兵8" Class="ShiBing148" Country="0" Gender="1" HP="4"/>
	
	<Card CardID="154" CardName="法正" Class="FaZheng" Country="2" Gender="1" HP="3"/>
	<Card CardID="156" CardName="马谡" Class="MaSu" Country="2" Gender="1" HP="3"/>
	<Card CardID="159" CardName="徐庶" Class="XuShu" Country="2" Gender="1" HP="3"/>	
	<Card CardID="160" CardName="于禁" Class="YuJin" Country="1" Gender="1" HP="4"/>
	
	<Card CardID="191" CardName="神吕布(最强神话)" Class="LvBuShenHua" Country="5" Gender="1" HP="8"/>
	<Card CardID="192" CardName="神吕布(暴怒的战神)" Class="LvBuZhanShen" Country="5" Gender="1" HP="4"/>
	
	<Card CardID="201" CardName="神关羽" Class="GuanYuShen" Country="5" Gender="1" HP="5"/>
	<Card CardID="202" CardName="神吕蒙" Class="LvMengShen" Country="5" Gender="1" HP="3"/>	
	<Card CardID="203" CardName="神周瑜" Class="ZhouYuShen" Country="5" Gender="1" HP="4"/>
	<Card CardID="204" CardName="神诸葛亮" Class="ZhuGeLiangShen" Country="5" Gender="1" HP="3"/>	
</Cards>