﻿<?xml version="1.0" encoding="UTF-8" standalone="yes"?>
<HelpTips>
	<HelpTip Type="1" ID="GZ0001" Title="主公" Info="主公需要杀死所有的反贼和内奸来获得胜利。主公错杀忠臣会弃光所有手牌和装备。5人以上游戏局中主公会多增加一点体力。"/>
	<HelpTip Type="1" ID="GZ0002" Title="忠臣" Info="胜利目标与主公相同，需要不惜一切保护主公，杀死反贼和内奸取得胜利。"/>
	<HelpTip Type="1" ID="GZ0003" Title="反贼" Info="反贼只要能全力杀死主公即可胜利。任何人杀死反贼可以立即摸3张牌，包括反贼队友。"/>
	<HelpTip Type="1" ID="GZ0004" Title="内奸" Info="内奸首先需要保证自己的存活，在场上反贼和忠臣都死亡以后，再亲自杀掉主公才算胜利。"/>
	<HelpTip Type="1" ID="GZ0005" Title="身份" Info="身份牌代表了你在游戏里扮演的身份，决定了游戏目标，除主公外，身份牌必须保密，不让任何玩家看见。玩家阵亡后会亮出身份牌。"/>
	<HelpTip Type="1" ID="GZ0006" Title="濒死" Info="当一个角色的体力将降到0或更低时的状态称为濒死状态。处于濒死状态的角色并不会马上死去，需要依次询问是否有人出桃或者用武将技能帮你恢复，若没有才会阵亡。"/>
	<HelpTip Type="1" ID="GZ0007" Title="攻击范围" Info="任何人的攻击范围在开始的时候都为1。装备武器后，角色的攻击范围等于其武器上所写的攻击范围。"/>
	<HelpTip Type="1" ID="GZ0008" Title="花色" Info="游戏牌的左上角会标明一种花色，分别为黑桃、梅花、方块、红桃；当提到“颜色”时，就是指花色的颜色，即红桃和方块为红色，黑桃和梅花为黑色。"/>
	<HelpTip Type="1" ID="GZ0009" Title="回合" Info="一个回合包括六个阶段――1.回合开始阶段2.判定阶段3.摸牌阶段4.出牌阶段5.弃牌阶段6.回合结束阶段。"/>
	<HelpTip Type="1" ID="GZ0010" Title="基本牌" Info="杀、闪和桃叫做基本牌。"/>
	<HelpTip Type="1" ID="GZ0011" Title="锦囊牌" Info="锦囊牌代表了你可以使用的各种“锦囊妙计”，每张锦囊左下角会标有〔锦囊〕字样。锦囊分为延时类锦囊和非延时类锦囊。"/>
	<HelpTip Type="1" ID="GZ0012" Title="距离" Info="相邻的玩家角色间距离为1，以此类推。装备马匹可以改变玩家间的距离。当一个玩家死亡后，他不再会影响他人间的距离了。"/>
	<HelpTip Type="1" ID="GZ0013" Title="轮" Info="从某个时刻开始，所有人都依次进行了一个回合时，称为一轮。"/>
	<HelpTip Type="1" ID="GZ0014" Title="判定" Info="某些技能和延时锦囊牌是否生效需要进行判定，此过程为展示牌堆顶的一张牌，该张牌被称作“判定牌”。张角的“鬼道”和司马懿的“鬼才”都可以更改这张判定牌。"/>
	<HelpTip Type="1" ID="GZ0015" Title="势力" Info="势力是武将的属性，标注于角色牌左上角，并分别以不同的边框颜色表示在牌面上。游戏中目前分为魏、蜀、吴和群4个势力，势力主要影响某些主公技的使用。"/>
	<HelpTip Type="1" ID="GZ0016" Title="手牌" Info="当你摸牌（或获得牌）时，就把牌拿到手上。除你之外的人都不能看到你的手牌。每次进入弃牌阶段时，如果你的手牌数多于你当前体力值则需弃掉多余牌。"/>
	<HelpTip Type="1" ID="GZ0017" Title="锁定技" Info="某些武将技能或者装备技能属于锁定技，满足发动条件时该技能必须发动。游戏中为了方便玩家的操作，有些非锁定技也会自动触发，需要玩家注意。"/>
	<HelpTip Type="1" ID="GZ0018" Title="体力" Info="体力即你的生命值，受伤害时会减少，被回复时会增加，但不会大于你的体力上限"/>
	<HelpTip Type="1" ID="GZ0019" Title="延时类锦囊" Info="标有沙漏符号的锦囊为延时类锦囊。延时类锦囊在使用后，它们会一直待在那里直到目标角色执行其判定阶段时才结算。"/>
	<HelpTip Type="1" ID="GZ0020" Title="装备牌" Info="装备牌分武器、防具、+1马和-1马4种类型，其中每种类型每次只能装备1件，后装备的会代替前一件装备，前一件装备则弃掉。"/>
	<HelpTip Type="3" ID="KP0001" Title="杀" Info="杀不仅是用来对对手造成伤害的进攻牌，还是能响应南蛮和决斗的防御牌。"/>
	<HelpTip Type="3" ID="KP0002" Title="闪" Info="闪主要用于抵御杀和万箭齐发的攻击。"/>
	<HelpTip Type="3" ID="KP0003" Title="桃" Info="使用桃可以给自己加血；但只能在他人濒死时才能给他人使用。"/>
	<HelpTip Type="3" ID="KP0004" Title="过河拆桥" Info="需要注意的是，延时锦囊也是可以用过河拆桥拆掉的，这包括乐不思蜀和闪电"/>
	<HelpTip Type="3" ID="KP0005" Title="顺手牵羊" Info="需要注意的是，延时锦囊也是可以用顺手牵羊拿走的，这包括乐不思蜀和闪电"/>
	<HelpTip Type="3" ID="KP0006" Title="决斗" Info="当你对目标使用决斗的时候，最好能确保你手里的杀大于等于对方。"/>
	<HelpTip Type="3" ID="KP0007" Title="借刀杀人" Info="借别人刀选择要杀的目标时，需要注意该目标必须是被借刀人攻击范围内的角色，甚至可以是你自己。"/>
	<HelpTip Type="3" ID="KP0008" Title="万箭齐发" Info="使用群体伤害锦囊时，要小心误伤队友哦。"/>
	<HelpTip Type="3" ID="KP0009" Title="南蛮入侵" Info="使用群体伤害锦囊时，要小心误伤队友哦。"/>
	<HelpTip Type="3" ID="KP0010" Title="桃园结义" Info="要注意桃园结义可以给所有人加血，这也包括你的敌人。"/>
	<HelpTip Type="3" ID="KP0011" Title="五谷丰登" Info="要注意使用五谷丰登以后，你只是换了一张牌，而别人都是额外得到了一张牌，但你拥有优先选择权。"/>
	<HelpTip Type="3" ID="KP0012" Title="乐不思蜀" Info="你要知道，乐不思蜀可以被过河拆桥、顺手牵羊和无懈可击破解。"/>
	<HelpTip Type="3" ID="KP0013" Title="闪电" Info="放下闪电就好像参加了一场赌博：不是你死就是我活。"/>
	<HelpTip Type="3" ID="KP0014" Title="无中生有" Info="一张换两张，何乐而不为？"/>
	<HelpTip Type="3" ID="KP0015" Title="无懈可击" Info="你要知道，你的无懈可击同样可以抵消别人无懈可击的效果。"/>
	<HelpTip Type="3" ID="KP0016" Title="诸葛连弩" Info="在你装备它的时候，你要有有个心理准备，这张牌是可能会被别人用顺手牵羊或借刀杀人拿走的，当然这也包括你的队友。"/>
	<HelpTip Type="3" ID="KP0017" Title="雌雄双股剑" Info="当目标是个异性时，这个武器会给你带来很大的利益。"/>
	<HelpTip Type="3" ID="KP0018" Title="青釭剑" Info="要注意的是，青釭剑是锁定技，你不可以不发动这个技能。"/>
	<HelpTip Type="3" ID="KP0019" Title="贯石斧" Info="要注意的是，发动技能时，你甚至可以弃掉其它的装备牌-但不能是贯石斧本身。"/>
	<HelpTip Type="3" ID="KP0020" Title="青龙偃月刀" Info="记住这把武器的特点是：谁闪了我就可以再杀谁，即便是出闪的目标和我一开始要杀的目标不一样。"/>
	<HelpTip Type="3" ID="KP0021" Title="丈八蛇矛" Info="请随时记得你的任何两张手牌都能当做杀。"/>
	<HelpTip Type="3" ID="KP0022" Title="方天画戟" Info="打出最后一张手牌是杀时别忘了你还可以额外指定两个目标。"/>
	<HelpTip Type="3" ID="KP0023" Title="麒麟弓" Info="当目标装备马匹时，这个武器会给你带来很大的利益。"/>
	<HelpTip Type="3" ID="KP0024" Title="-1马" Info="这个装备可以缩短你看别人的距离，是进攻性的马匹。"/>
	<HelpTip Type="3" ID="KP0025" Title="+1马" Info="这个装备可以让敌人难以攻击到你，是防御性的马匹。"/>
	<HelpTip Type="3" ID="KP0026" Title="八卦阵" Info="任何需要你出闪的时候你都可以发动技能，这包括魏将响应曹操的护驾时。"/>
	<HelpTip Type="4" ID="WJ0001" Title="刘备" Info="仁德：如果你只给了一张牌，请留意你是否点了“仁德”的按钮，以防出现失误，给牌变成了出牌。&#xA;&#xA;激将：当你需要出杀时，不要忘了你还可以用激将。"/>
	<HelpTip Type="4" ID="WJ0002" Title="诸葛亮" Info="观星：每次观星时，要注意自己和下家的判定区是否有延时锦囊。&#xA;&#xA;空城：要记住空城不代表绝对安全。"/>
	<HelpTip Type="4" ID="WJ0003" Title="关羽" Info="武圣：记得你的红色装备牌一样可以当杀，除非你用到某个武器的攻击范围或特效时才不可以用这个武器当杀。"/>
	<HelpTip Type="4" ID="WJ0004" Title="张飞" Info="咆哮：只要你杀够多就可以一直出，不需要特别操作。"/>
	<HelpTip Type="4" ID="WJ0005" Title="赵云" Info="龙胆：记得任何时候你的杀闪都能随意交换使用。"/>
	<HelpTip Type="4" ID="WJ0006" Title="马超" Info="铁骑：要记住在你杀对方的过程中，只有流离是优先于你的铁骑之前发动的。&#xA;&#xA;马术：时刻要记得你天生就有一匹-1马，并且你还能再装备一匹-1马。"/>
	<HelpTip Type="4" ID="WJ0007" Title="黄月英" Info="集智：当你使用非延时锦囊时，没有任何事能阻止你摸牌。&#xA;&#xA;奇才：标准版中会受到此技能影响的只有顺手牵羊。"/>
	<HelpTip Type="4" ID="WJ0008" Title="张辽" Info="突袭：你可以选择只突袭一个目标，但每个目标你仍然只能突袭一张牌。"/>
	<HelpTip Type="4" ID="WJ0009" Title="夏侯惇" Info="刚烈：要记住刚烈不是必须发动的，尤其是队友误伤你的时候。"/>
	<HelpTip Type="4" ID="WJ0010" Title="司马懿" Info="反馈：要记得反馈还能抽取对方的装备牌。&#xA;&#xA;鬼才：任何一次判定都可以由你来掌控，但前提是你拥有掌控它的手牌。"/>
	<HelpTip Type="4" ID="WJ0011" Title="郭嘉" Info="遗计：通过遗计得到的牌不一定非要拿在手里，还可以把它们分给其他更加需要牌的队友。&#xA;&#xA;天妒：要注意判定牌的归属问题，必须是属于郭嘉的判定牌才能发动此技能。&#xA;"/>
	<HelpTip Type="4" ID="WJ0012" Title="甄姬" Info="洛神：要知道洛神的发动时机要早于你延时锦囊的判定时机。&#xA;&#xA;倾国：时刻记得你的黑色手牌都能当闪来用。&#xA;"/>
	<HelpTip Type="4" ID="WJ0013" Title="曹操" Info="奸雄：你不是必须收进对你造成伤害的牌，尤其是你没有手牌时更需要斟酌，以防刚刚收进又被拿走。&#xA;&#xA;护驾：当你需要出闪时，不要忘了你还可以用护驾。并且魏将是可以发动八卦阵来帮你出闪的。&#xA;"/>
	<HelpTip Type="4" ID="WJ0014" Title="许褚" Info="裸衣：想要发动技能的时候，请尽量确保手里有杀或者决斗。"/>
	<HelpTip Type="4" ID="WJ0015" Title="孙权" Info="制衡：别忘了装备也是可以制衡的。&#xA;&#xA;救援：作为一个被动技能，你只能期待你的忠臣会选择吴将了。"/>
	<HelpTip Type="4" ID="WJ0016" Title="大乔" Info="流离：你可流离的目标受限于你的攻击范围，所以武器对你来说是很重要的。另外要记得，你的装备也可以用来流离。&#xA;国色：你的任何方片牌都能当乐不思蜀来用，这包括你的装备牌。&#xA;"/>
	<HelpTip Type="4" ID="WJ0017" Title="周瑜" Info="反间：如果因为反间触发了对方的反馈、刚烈等技能后，在这个技能效果结算完以前，反间牌始终还是属于你的。这张牌会在反间过程的最后一刻才给对方，不管此时这张牌身在何处。&#xA;英姿：多模一张牌，一般来说没有理由不用。&#xA;"/>
	<HelpTip Type="4" ID="WJ0018" Title="孙尚香" Info="结姻：需要注意的是，你的目标只能是已损失体力的男性角色，不管你自身是否损失体力。&#xA;&#xA;枭姬：只要你失去装备就可以摸牌，这包括别人将你的装备拆掉或者你自己用新的装备替换掉。&#xA;"/>
	<HelpTip Type="4" ID="WJ0019" Title="甘宁" Info="奇袭：记得你的黑色装备牌也可以用来当做过河拆桥使用。"/>
	<HelpTip Type="4" ID="WJ0020" Title="黄盖" Info="苦肉：这是一个用来补充手牌的技能，但有时候无节制的苦肉不一定是很好的做法，因为你苦肉出来的牌不一定都能用掉。"/>
	<HelpTip Type="4" ID="WJ0021" Title="陆逊" Info="连营：陆逊是不会没有手牌的。&#xA;&#xA;谦逊：这个被动技能可以让陆逊很难受到控制。"/>
	<HelpTip Type="4" ID="WJ0022" Title="吕蒙" Info="克己：需要注意的是，如果你在出牌阶段与人决斗中打出过杀，也同样不能发动克己了。"/>
	<HelpTip Type="4" ID="WJ0023" Title="华佗" Info="急救：特别要注意必须是回合外才能发动，你的回合内如果有人濒死了，你是无法用这个技能救人的。另外要记得你的红色装备牌也能在回合外当做桃来用。&#xA;青囊：既然对你来说红色牌都能在回合外当桃用，那么黑色牌就可以优先当做发动青囊的牌了。"/>
	<HelpTip Type="4" ID="WJ0024" Title="吕布" Info="无双：一般很少有人愿意去尝试抵挡你的杀和决斗。"/>
	<HelpTip Type="4" ID="WJ0025" Title="貂蝉" Info="离间：要注意的是，你离间后掉血那一方的伤害来源是另外一方，而不是你自己。另外你的装备牌也可以用来发动离间。&#xA;闭月：你闭月的牌无法立刻使用，但却可以留在手里防守。&#xA;"/>
	<HelpTip Type="4" ID="WJ0026" Title="曹仁" Info="据守：跳过了一个回合看似好像很弱，但是较多的手牌数量却大大增强了你的防守能力。"/>
	<HelpTip Type="4" ID="WJ0027" Title="魏延" Info="狂骨：-1马对这个技能有很大帮助"/>
	<HelpTip Type="4" ID="WJ0028" Title="夏侯渊" Info="神速：需要注意的是，一个回合内的两次神速你都可以分别选择发动或不发动，只要你能满足发动条件。&#xA;&#xA;"/>
	<HelpTip Type="4" ID="WJ0029" Title="黄忠" Info="烈弓：记住决定能否烈弓的3个要素：自己的血量、自己的攻击范围和对方的手牌数。另外要记得流离的发动会优先于你的烈弓。"/>
	<HelpTip Type="4" ID="WJ0030" Title="周泰" Info="不屈：注意不屈牌不是判定牌，司马懿和张角都不能更改。"/>
	<HelpTip Type="4" ID="WJ0031" Title="张角" Info="雷击：要注意雷击的判定牌是属于目标角色的，是会触发天妒、红颜等技能的。&#xA;鬼道：记得你的黑色装备牌也可以用来替换判定牌。&#xA;黄天：注意发动黄天的主动权在群雄手中而不是张角本人，群雄自己可以决定是否给张角闪或闪电。"/>
	<HelpTip Type="4" ID="WJ0032" Title="小乔" Info="天香：要记得你天香的目标会摸牌的，所以当你天香的目标是敌人时，最好能确保敌人得到的利益不会大于他损失的体力。&#xA;红颜：要注意的是你的判定牌同样会受到此技能的影响。&#xA;"/>
	<HelpTip Type="4" ID="WJ0033" Title="于吉" Info="蛊惑：你不是每张牌都必须要蛊惑打出，当你很需要一张牌生效而这张牌不是红桃的时候，不要轻易蛊惑。"/>
	<HelpTip Type="5" ID="ZB0001" Title="盟主" Info="房间创建者自动成为盟主。盟主需要在所有玩家准备好的情况下点击开始游戏，并可以在房间界面右下方更改房间设置，如禁止聊天、随机位置和出手时间等。盟主也有关闭房间位置和将其他玩家请出房间的权力。盟主离开房间后，系统会指定一名剩余玩家为盟主。"/>
	<HelpTip Type="5" ID="ZB0002" Title="准备" Info="进入游戏房间后，请及时点击【准备】按钮进入准备状态，只有当房间内所有玩家都准备后盟主才可以开始一局游戏。"/>
	<HelpTip Type="5" ID="ZB0003" Title="点将" Info="游戏开始前，在准备房间内可以使用点将功能，提前选择你本局需要用的武将。使用成功后，你所点的武将会出现在你的武将选择中。当使用成功时会扣除1个点将卡道具。"/>
	<HelpTip Type="6" ID="DT0001" Title="创建房间" Info="点击【创建房间】按钮后，可以按照你的需要创建一个游戏房间。你可以进行设置房间名，创建房间密码，限制房间等级以及设置扩展包等多种操作，然后点击【确定】按钮完成创建。"/>
	<HelpTip Type="6" ID="DT0002" Title="玩家列表" Info="大厅最左边显示的是当前和你在一个频道的所有玩家列表，你可以查看他们的个人信息、添加好友或者向他们发送密语消息。"/>
	<HelpTip Type="6" ID="DT0003" Title="我的物品" Info="点击顶部的【我的物品】按钮后，可以查看和使用自己当前所拥有的道具。你也可以将不需要的道具删除。没有道具的话可以去商城购买。"/>
	<HelpTip Type="6" ID="DT0004" Title="商城" Info="商城内可以买到各种各样你需要的道具，你可以根据顶部的标签选择你需要的商品分类进行购买。点击【购买】后道具会自动存放到【我的物品】中，点击【赠送】后则可将道具送给你指定昵称的玩家。"/>
	<HelpTip Type="6" ID="DT0005" Title="显示全部/显示等待" Info="点击【显示等待】按钮后，大厅房间列表中只显示等待房间。点击【显示全部】按钮后，大厅房间列表会显示所有的房间。"/>
	<HelpTip Type="6" ID="DT0006" Title="新手教学" Info="点击【新手教学】按钮后，您可以看到为您精心准备的入门教学，可以帮助您轻松了解游戏的基本规则和操作。"/>
	<HelpTip Type="6" ID="DT0007" Title="卡牌阅览" Info="点击【卡牌阅览】按钮后，您可以查看游戏中的所有武将、身份及卡牌的详细资料信息，您可以在这里对三国杀的游戏内容有更进一步的了解。"/>
	<HelpTip Type="6" ID="DT0008" Title="英雄榜" Info="点击【英雄榜】按钮后，您可以查看到本区内统计数据最靠前的部分玩家。您可以按照胜率、积分和功勋分别查询玩家数据。"/>
	<HelpTip Type="6" ID="DT0009" Title="战功" Info="点击【战功】可以查看战功相关信息。您可以看到所有战功的达成条件，自己目前所达成的战功以及累计性战功的达成进度。您可以启用任何一个已经达成的战功称号。"/>
	<HelpTip Type="6" ID="DT0010" Title="设置" Info="点击【设置】按钮可用进行系统设置。您可以在这里进行音量、操作提示等各种系统及游戏相关的设置。"/>
	<HelpTip Type="6" ID="DT0011" Title="快速加入" Info="点击【快速加入】后可以用最快的速度帮助你开始一局游戏。"/>
	<HelpTip Type="6" ID="DT0012" Title="诏令天下" Info="点击【诏令天下】按钮后，在弹出的窗口内输入你想要发送的内容，点击发送后整个频道内的玩家都能看到您发送的内容。每发一条消息都需要消耗1个诏令天下道具。该道具可以在商城内购买。"/>
	<HelpTip Type="2" ID="CZ0001" Title="身份" Info="场上除了主公以外，其他人的身份都是隐藏的。当你觉得某个玩家疑似某个身份时，可以点击该玩家头像旁边的脸谱按钮进行身份标记。"/>
	<HelpTip Type="2" ID="CZ0002" Title="技能" Info="你的武将头像下方的几个按钮是你当前武将所拥有的武将技能。当需要使用技能时点击技能按钮即可。部分技能在满足条件的情况下无需点击自动发动。"/>
	<HelpTip Type="2" ID="CZ0003" Title="托管" Info="你可以点击托管按钮进入托管状态，由电脑帮你进行一些基本操作，适合你在需要暂离游戏时使用。再次点击按钮即可取消托管。"/>
</HelpTips>