<?xml version="1.0" encoding="UTF-8"?>
<NewbieHelps>
	<Group Name="模式教学">
		<Group Name="杀闪桃" sgs="shashantao.sgs" sgsw="shashantao.sgsw"/>
		<Group Name="锦囊" sgs="jinnang.sgs" sgsw="jinnang.sgsw"/>
		<Group Name="装备" sgs="zhuangbei.sgs" sgsw="zhuangbei.sgsw"/>
	</Group>	
	<Group Name="基本牌教学">
		<Group Name="杀" sgs="shajiaoxue.sgs" sgsw="shajiaoxue.sgsw"/>
		<Group Name="闪" sgs="shanjiaoxue.sgs" sgsw="shanjiaoxue.sgsw"/>
		<Group Name="桃-恢复" sgs="taohuifu.sgs" sgsw="taohuifu.sgsw"/>
		<Group Name="桃-救人" sgs="taojiuren.sgs" sgsw="taojiuren.sgsw"/>
	</Group>
</NewbieHelps>
 