﻿<?xml version="1.0" encoding="UTF-8" standalone="yes"?>
<Officials>
	<Official Level="-3" Exp="-1000"  MiliName="逃兵"     MiliImg="Mili/-3.png" MiliText="MiliText/-3.png" CivilName="流民"     CivilImg="Civil/-3.png" CivilText="CivilText/-3.png" ValiantName="灾民"     ValiantImg="Valiant/-3.png" ValiantText="ValiantText/-3.png"/>
	<Official Level="-2" Exp="-300"   MiliName="流寇"     MiliImg="Mili/-2.png" MiliText="MiliText/-2.png" CivilName="草寇"     CivilImg="Civil/-2.png" CivilText="CivilText/-2.png" ValiantName="倭寇"     ValiantImg="Valiant/-2.png" ValiantText="ValiantText/-2.png"/>
	<Official Level="-1" Exp="-100"   MiliName="黄巾贼"   MiliImg="Mili/-1.png" MiliText="MiliText/-1.png" CivilName="黄巾贼"   CivilImg="Civil/-1.png" CivilText="CivilText/-1.png" ValiantName="黄巾贼"   ValiantImg="Valiant/-1.png" ValiantText="ValiantText/-1.png"/>
	<Official Level="0"  Exp="0"      MiliName="平民"     MiliImg="Mili/0.png"  MiliText="MiliText/0.png"  CivilName="平民"     CivilImg="Civil/0.png"  CivilText="CivilText/0.png"  ValiantName="平民"     ValiantImg="Valiant/0.png"  ValiantText="ValiantText/0.png"/>
	<Official Level="1"  Exp="100"    MiliName="兵卒"     MiliImg="Mili/1.png"  MiliText="MiliText/1.png"  CivilName="里长"     CivilImg="Civil/1.png"  CivilText="CivilText/1.png"  ValiantName="匹夫"     ValiantImg="Valiant/1.png"  ValiantText="ValiantText/1.png"/>
	<Official Level="2"  Exp="300"    MiliName="屯长"     MiliImg="Mili/2.png"  MiliText="MiliText/2.png"  CivilName="亭长"     CivilImg="Civil/2.png"  CivilText="CivilText/2.png"  ValiantName="莽夫"     ValiantImg="Valiant/2.png"  ValiantText="ValiantText/2.png"/>
	<Official Level="3"  Exp="600"    MiliName="军侯"     MiliImg="Mili/3.png"  MiliText="MiliText/3.png"  CivilName="蔷夫"     CivilImg="Civil/3.png"  CivilText="CivilText/3.png"  ValiantName="浪人"     ValiantImg="Valiant/3.png"  ValiantText="ValiantText/3.png"/>
	<Official Level="4"  Exp="1000"   MiliName="军司马"   MiliImg="Mili/4.png"  MiliText="MiliText/4.png"  CivilName="县尉"     CivilImg="Civil/4.png"  CivilText="CivilText/4.png"  ValiantName="力士"     ValiantImg="Valiant/4.png"  ValiantText="ValiantText/4.png"/>
	<Official Level="5"  Exp="1500"   MiliName="都尉"     MiliImg="Mili/5.png"  MiliText="MiliText/5.png"  CivilName="郎中"     CivilImg="Civil/5.png"  CivilText="CivilText/5.png"  ValiantName="大力士"   ValiantImg="Valiant/5.png"  ValiantText="ValiantText/5.png"/>
	<Official Level="6"  Exp="2100"   MiliName="校尉"     MiliImg="Mili/6.png"  MiliText="MiliText/6.png"  CivilName="侍郎"     CivilImg="Civil/6.png"  CivilText="CivilText/6.png"  ValiantName="勇者"     ValiantImg="Valiant/6.png"  ValiantText="ValiantText/6.png"/>
	<Official Level="7"  Exp="2800"   MiliName="中郎将"   MiliImg="Mili/7.png"  MiliText="MiliText/7.png"  CivilName="县丞"     CivilImg="Civil/7.png"  CivilText="CivilText/7.png"  ValiantName="落魄武士" ValiantImg="Valiant/7.png"  ValiantText="ValiantText/7.png"/>
	<Official Level="8"  Exp="3600"   MiliName="裨将军"   MiliImg="Mili/8.png"  MiliText="MiliText/8.png"  CivilName="县长"     CivilImg="Civil/8.png"  CivilText="CivilText/8.png"  ValiantName="钝刀武士" ValiantImg="Valiant/8.png"  ValiantText="ValiantText/8.png"/>
	<Official Level="9"  Exp="4500"   MiliName="偏将军"   MiliImg="Mili/9.png"  MiliText="MiliText/9.png"  CivilName="博士"     CivilImg="Civil/9.png"  CivilText="CivilText/9.png"  ValiantName="布衣武士" ValiantImg="Valiant/9.png"  ValiantText="ValiantText/9.png"/>
	<Official Level="10" Exp="5500"   MiliName="牙门将军" MiliImg="Mili/10.png" MiliText="MiliText/10.png" CivilName="议郎"     CivilImg="Civil/10.png" CivilText="CivilText/10.png" ValiantName="革甲武士" ValiantImg="Valiant/10.png"  ValiantText="ValiantText/10.png"/>
	<Official Level="11" Exp="6600"   MiliName="伏波将军" MiliImg="Mili/11.png" MiliText="MiliText/11.png" CivilName="中郎"     CivilImg="Civil/11.png" CivilText="CivilText/11.png" ValiantName="铜盔武士" ValiantImg="Valiant/11.png"  ValiantText="ValiantText/11.png"/>
	<Official Level="12" Exp="7800"   MiliName="翊武将军" MiliImg="Mili/12.png" MiliText="MiliText/12.png" CivilName="谒者"     CivilImg="Civil/12.png" CivilText="CivilText/12.png" ValiantName="钢甲武士" ValiantImg="Valiant/12.png"  ValiantText="ValiantText/12.png"/>
	<Official Level="13" Exp="9100"   MiliName="翊师将军" MiliImg="Mili/13.png" MiliText="MiliText/13.png" CivilName="郡长史"   CivilImg="Civil/13.png" CivilText="CivilText/13.png" ValiantName="银盔武士" ValiantImg="Valiant/13.png"  ValiantText="ValiantText/13.png"/>
	<Official Level="14" Exp="10500"  MiliName="建威将军" MiliImg="Mili/14.png" MiliText="MiliText/14.png" CivilName="州刺史"   CivilImg="Civil/14.png" CivilText="CivilText/14.png" ValiantName="镜武士"   ValiantImg="Valiant/14.png"  ValiantText="ValiantText/14.png"/>
	<Official Level="15" Exp="12000"  MiliName="建武将军" MiliImg="Mili/15.png" MiliText="MiliText/15.png" CivilName="郡太守丞" CivilImg="Civil/15.png" CivilText="CivilText/15.png" ValiantName="武士精英" ValiantImg="Valiant/15.png"  ValiantText="ValiantText/15.png"/>
	<Official Level="16" Exp="13600"  MiliName="振威将军" MiliImg="Mili/16.png" MiliText="MiliText/16.png" CivilName="谏大夫"   CivilImg="Civil/16.png" CivilText="CivilText/16.png" ValiantName="铁血精英" ValiantImg="Valiant/16.png"  ValiantText="ValiantText/16.png"/>
	<Official Level="17" Exp="15300"  MiliName="振武将军" MiliImg="Mili/17.png" MiliText="MiliText/17.png" CivilName="太常丞"   CivilImg="Civil/17.png" CivilText="CivilText/17.png" ValiantName="狼牙精英" ValiantImg="Valiant/17.png"  ValiantText="ValiantText/17.png"/>
	<Official Level="18" Exp="17100"  MiliName="领军将军" MiliImg="Mili/18.png" MiliText="MiliText/18.png" CivilName="光禄丞"   CivilImg="Civil/18.png" CivilText="CivilText/18.png" ValiantName="虎牙精英" ValiantImg="Valiant/18.png"  ValiantText="ValiantText/18.png"/>
	<Official Level="19" Exp="19000"  MiliName="护军将军" MiliImg="Mili/19.png" MiliText="MiliText/19.png" CivilName="卫尉丞"   CivilImg="Civil/19.png" CivilText="CivilText/19.png" ValiantName="龙牙精英" ValiantImg="Valiant/19.png"  ValiantText="ValiantText/19.png"/>
	<Official Level="20" Exp="21000"  MiliName="武卫将军" MiliImg="Mili/20.png" MiliText="MiliText/20.png" CivilName="太仆丞"   CivilImg="Civil/20.png" CivilText="CivilText/20.png" ValiantName="狂战士"   ValiantImg="Valiant/20.png"  ValiantText="ValiantText/20.png"/>
	<Official Level="21" Exp="23100"  MiliName="中垒将军" MiliImg="Mili/21.png" MiliText="MiliText/21.png" CivilName="大鸿胪丞" CivilImg="Civil/21.png" CivilText="CivilText/21.png" ValiantName="狂战士"   ValiantImg="Valiant/20.png"  ValiantText="ValiantText/20.png"/>
	<Official Level="22" Exp="25300"  MiliName="镇军将军" MiliImg="Mili/22.png" MiliText="MiliText/22.png" CivilName="宗正丞"   CivilImg="Civil/22.png" CivilText="CivilText/22.png" ValiantName="狂战士"   ValiantImg="Valiant/20.png"  ValiantText="ValiantText/20.png"/>
	<Official Level="23" Exp="27600"  MiliName="抚军将军" MiliImg="Mili/23.png" MiliText="MiliText/23.png" CivilName="大司农丞" CivilImg="Civil/23.png" CivilText="CivilText/23.png" ValiantName="狂战士"   ValiantImg="Valiant/20.png"  ValiantText="ValiantText/20.png"/>
	<Official Level="24" Exp="30000"  MiliName="镇国将军" MiliImg="Mili/24.png" MiliText="MiliText/24.png" CivilName="少府丞"   CivilImg="Civil/24.png" CivilText="CivilText/24.png" ValiantName="狂战士"   ValiantImg="Valiant/20.png"  ValiantText="ValiantText/20.png"/>
	<Official Level="25" Exp="32500"  MiliName="龙骧将军" MiliImg="Mili/25.png" MiliText="MiliText/25.png" CivilName="太中大夫" CivilImg="Civil/25.png" CivilText="CivilText/25.png" ValiantName="狂战士"   ValiantImg="Valiant/20.png"  ValiantText="ValiantText/20.png"/>
	<Official Level="26" Exp="35100"  MiliName="平东将军" MiliImg="Mili/26.png" MiliText="MiliText/26.png" CivilName="谒者仆射" CivilImg="Civil/26.png" CivilText="CivilText/26.png" ValiantName="狂战士"   ValiantImg="Valiant/20.png"  ValiantText="ValiantText/20.png"/>
	<Official Level="27" Exp="37800"  MiliName="平南将军" MiliImg="Mili/27.png" MiliText="MiliText/27.png" CivilName="廷尉正监" CivilImg="Civil/27.png" CivilText="CivilText/27.png" ValiantName="狂战士"   ValiantImg="Valiant/20.png"  ValiantText="ValiantText/20.png"/>
	<Official Level="28" Exp="40600"  MiliName="平西将军" MiliImg="Mili/28.png" MiliText="MiliText/28.png" CivilName="中常侍"   CivilImg="Civil/28.png" CivilText="CivilText/28.png" ValiantName="狂战士"   ValiantImg="Valiant/20.png"  ValiantText="ValiantText/20.png"/>
	<Official Level="29" Exp="43500"  MiliName="平北将军" MiliImg="Mili/29.png" MiliText="MiliText/29.png" CivilName="尚书令"   CivilImg="Civil/29.png" CivilText="CivilText/29.png" ValiantName="狂战士"   ValiantImg="Valiant/20.png"  ValiantText="ValiantText/20.png"/>
	<Official Level="30" Exp="46500"  MiliName="安东将军" MiliImg="Mili/30.png" MiliText="MiliText/30.png" CivilName="御史中丞" CivilImg="Civil/30.png" CivilText="CivilText/30.png" ValiantName="狂战士"   ValiantImg="Valiant/20.png"  ValiantText="ValiantText/20.png"/>
	<Official Level="31" Exp="49600"  MiliName="安南将军" MiliImg="Mili/31.png" MiliText="MiliText/31.png" CivilName="司徒长史" CivilImg="Civil/31.png" CivilText="CivilText/31.png" ValiantName="狂战士"   ValiantImg="Valiant/20.png"  ValiantText="ValiantText/20.png"/>
	<Official Level="32" Exp="52800"  MiliName="安西将军" MiliImg="Mili/32.png" MiliText="MiliText/32.png" CivilName="太尉长史" CivilImg="Civil/32.png" CivilText="CivilText/32.png" ValiantName="狂战士"   ValiantImg="Valiant/20.png"  ValiantText="ValiantText/20.png"/>
	<Official Level="33" Exp="56100"  MiliName="安北将军" MiliImg="Mili/33.png" MiliText="MiliText/33.png" CivilName="司空长史" CivilImg="Civil/33.png" CivilText="CivilText/33.png" ValiantName="狂战士"   ValiantImg="Valiant/20.png"  ValiantText="ValiantText/20.png"/>
	<Official Level="34" Exp="59500"  MiliName="镇东将军" MiliImg="Mili/34.png" MiliText="MiliText/34.png" CivilName="丞相司直" CivilImg="Civil/34.png" CivilText="CivilText/34.png" ValiantName="狂战士"   ValiantImg="Valiant/20.png"  ValiantText="ValiantText/20.png"/>
	<Official Level="35" Exp="63000"  MiliName="镇南将军" MiliImg="Mili/35.png" MiliText="MiliText/35.png" CivilName="光禄大夫" CivilImg="Civil/35.png" CivilText="CivilText/35.png" ValiantName="狂战士"   ValiantImg="Valiant/20.png"  ValiantText="ValiantText/20.png"/>
	<Official Level="36" Exp="66600"  MiliName="镇西将军" MiliImg="Mili/36.png" MiliText="MiliText/36.png" CivilName="侍中"     CivilImg="Civil/36.png" CivilText="CivilText/36.png" ValiantName="狂战士"   ValiantImg="Valiant/20.png"  ValiantText="ValiantText/20.png"/>
	<Official Level="37" Exp="70300"  MiliName="镇北将军" MiliImg="Mili/37.png" MiliText="MiliText/37.png" CivilName="州牧"     CivilImg="Civil/37.png" CivilText="CivilText/37.png" ValiantName="狂战士"   ValiantImg="Valiant/20.png"  ValiantText="ValiantText/20.png"/>
	<Official Level="38" Exp="74100"  MiliName="征东将军" MiliImg="Mili/38.png" MiliText="MiliText/38.png" CivilName="郡太"     CivilImg="Civil/38.png" CivilText="CivilText/38.png" ValiantName="狂战士"   ValiantImg="Valiant/20.png"  ValiantText="ValiantText/20.png"/>
	<Official Level="39" Exp="78000"  MiliName="征南将军" MiliImg="Mili/39.png" MiliText="MiliText/39.png" CivilName="执金"     CivilImg="Civil/39.png" CivilText="CivilText/39.png" ValiantName="狂战士"   ValiantImg="Valiant/20.png"  ValiantText="ValiantText/20.png"/>
	<Official Level="40" Exp="82000"  MiliName="征西将军" MiliImg="Mili/40.png" MiliText="MiliText/40.png" CivilName="太常"     CivilImg="Civil/40.png" CivilText="CivilText/40.png" ValiantName="狂战士"   ValiantImg="Valiant/20.png"  ValiantText="ValiantText/20.png"/>
	<Official Level="41" Exp="86100"  MiliName="征北将军" MiliImg="Mili/41.png" MiliText="MiliText/41.png" CivilName="光禄勋"   CivilImg="Civil/41.png" CivilText="CivilText/41.png" ValiantName="狂战士"   ValiantImg="Valiant/20.png"  ValiantText="ValiantText/20.png"/>
	<Official Level="42" Exp="90300"  MiliName="前将军"   MiliImg="Mili/42.png" MiliText="MiliText/42.png" CivilName="卫尉"     CivilImg="Civil/42.png" CivilText="CivilText/42.png" ValiantName="狂战士"   ValiantImg="Valiant/20.png"  ValiantText="ValiantText/20.png"/>
	<Official Level="43" Exp="94600"  MiliName="后将军"   MiliImg="Mili/43.png" MiliText="MiliText/43.png" CivilName="太仆"     CivilImg="Civil/43.png" CivilText="CivilText/43.png" ValiantName="狂战士"   ValiantImg="Valiant/20.png"  ValiantText="ValiantText/20.png"/>
	<Official Level="44" Exp="99000"  MiliName="左将军"   MiliImg="Mili/44.png" MiliText="MiliText/44.png" CivilName="廷尉"     CivilImg="Civil/44.png" CivilText="CivilText/44.png" ValiantName="狂战士"   ValiantImg="Valiant/20.png"  ValiantText="ValiantText/20.png"/>
	<Official Level="45" Exp="103500" MiliName="右将军"   MiliImg="Mili/45.png" MiliText="MiliText/45.png" CivilName="大鸿胪"   CivilImg="Civil/45.png" CivilText="CivilText/45.png" ValiantName="狂战士"   ValiantImg="Valiant/20.png"  ValiantText="ValiantText/20.png"/>
	<Official Level="46" Exp="108100" MiliName="骠骑将军" MiliImg="Mili/46.png" MiliText="MiliText/46.png" CivilName="宗正"     CivilImg="Civil/46.png" CivilText="CivilText/46.png" ValiantName="狂战士"   ValiantImg="Valiant/20.png"  ValiantText="ValiantText/20.png"/>
	<Official Level="47" Exp="112800" MiliName="车骑将军" MiliImg="Mili/47.png" MiliText="MiliText/47.png" CivilName="司徒"     CivilImg="Civil/47.png" CivilText="CivilText/47.png" ValiantName="狂战士"   ValiantImg="Valiant/20.png"  ValiantText="ValiantText/20.png"/>
	<Official Level="48" Exp="117600" MiliName="卫将军"   MiliImg="Mili/48.png" MiliText="MiliText/48.png" CivilName="太尉"     CivilImg="Civil/48.png" CivilText="CivilText/48.png" ValiantName="狂战士"   ValiantImg="Valiant/20.png"  ValiantText="ValiantText/20.png"/>
	<Official Level="49" Exp="122500" MiliName="安国将军" MiliImg="Mili/49.png" MiliText="MiliText/49.png" CivilName="司空"     CivilImg="Civil/49.png" CivilText="CivilText/49.png" ValiantName="狂战士"   ValiantImg="Valiant/20.png"  ValiantText="ValiantText/20.png"/>
	<Official Level="50" Exp="127500" MiliName="大将军"   MiliImg="Mili/50.png" MiliText="MiliText/50.png" CivilName="丞相"     CivilImg="Civil/50.png" CivilText="CivilText/50.png" ValiantName="狂战士"   ValiantImg="Valiant/20.png"  ValiantText="ValiantText/20.png"/>
</Officials>