﻿<?xml version="1.0" encoding="utf-8"?>
<Card>
<NodeName Label="游戏概述">
</NodeName>
<NodeName Label="游戏界面介绍">
	<CardName Label="个人状态"/>
	<CardName Label="玩家状态"/>
	<CardName Label="装备区"/>
	<CardName Label="手牌区"/>
	<CardName Label="信息菜单"/>	
	<CardName Label="聊天框"/>	
</NodeName>
<NodeName Label="操作介绍">
	<CardName Label="身份安排"/>
	<CardName Label="武将选择"/>
	<CardName Label="出牌方法"/>
	<CardName Label="武将技"/>
	<CardName Label="军争包新增操作说明"/>
</NodeName>
<NodeName Label="系统介绍">
	<CardName Label="VIP会员系统"/>
	<CardName Label="旁观系统"/>
	<CardName Label="官职系统"/>
	<CardName Label="战功系统"/>
	<CardName Label="三国秀"/>
</NodeName>
<!--      身份牌        -->
<NodeName Label="第一步：了解身份">
    <CardName Label="主公" Id="105" />
    <CardName Label="忠臣" Id="106" />
    <CardName Label="反贼" Id="107" />
    <CardName Label="内奸" Id="108" />
</NodeName>
<!--     武将牌     -->
<NodeName Label="第二步：选择武将">
  <NodeName Label="蜀国">
     <CardName Label="刘备" Id="1" />
     <CardName Label="关羽" Id="2" />
     <CardName Label="张飞" Id="3" />
     <CardName Label="诸葛亮" Id="4" />
     <CardName Label="赵云" Id="5" />
     <CardName Label="马超" Id="6" />
     <CardName Label="黄月英" Id="7" />
     <CardName Label="魏延" Id="27" />
     <CardName Label="黄忠" Id="26" />
     <CardName Label="庞统" Id="36" />
     <CardName Label="卧龙诸葛亮" Id="37" />
     <CardName Label="法正" Id="154" />
     <CardName Label="SP孙尚香" Id="103" />
     <CardName Label="马谡" Id="156" />
     <CardName Label="徐庶" Id="159" />
     <CardName Label="祝融" Id="46" />
     <CardName Label="孟获" Id="47" />      
   </NodeName>
  <NodeName Label="魏国">
     <CardName Label="曹操" Id="15"/>
     <CardName Label="司马懿" Id="16" />
     <CardName Label="夏侯惇" Id="17" />
     <CardName Label="张辽" Id="18" />
     <CardName Label="许褚" Id="19" />
     <CardName Label="郭嘉" Id="20" />
     <CardName Label="甄姬" Id="21" />
     <CardName Label="夏侯渊" Id="28" />
     <CardName Label="曹仁" Id="29" />
     <CardName Label="典韦" Id="34" />
     <CardName Label="荀彧" Id="35" />
     <CardName Label="于禁" Id="160" />
     <CardName Label="徐晃" Id="42" />
     <CardName Label="曹丕" Id="43" />
     <CardName Label="SP贾诩" Id="110" />
     <CardName Label="SP庞德" Id="105" />
  </NodeName>
  <NodeName Label="吴国">
    <CardName Label="孙权" Id="8" />
    <CardName Label="甘宁" Id="9" />
    <CardName Label="吕蒙" Id="10" />
    <CardName Label="黄盖" Id="11" />
    <CardName Label="周瑜" Id="12" />
    <CardName Label="大乔" Id="13" />
    <CardName Label="陆逊" Id="14" />
    <CardName Label="孙尚香" Id="25" />
    <CardName Label="小乔" Id="30" />
    <CardName Label="周泰" Id="31" />
    <CardName Label="太史慈" Id="38" />    
    <CardName Label="孙坚" Id="44" />
    <CardName Label="鲁肃" Id="49" />
  </NodeName>
  <NodeName Label="群雄">
    <CardName Label="吕布" Id="23" />
    <CardName Label="华佗" Id="22" />
    <CardName Label="貂蝉" Id="24" />
    <CardName Label="张角" Id="32" />
    <CardName Label="于吉" Id="33" /> 
    <CardName Label="袁术" Id="100" />
    <CardName Label="公孙瓒" Id="101" />
    <CardName Label="SP貂蝉" Id="102" />   
    <CardName Label="庞德" Id="39" />
    <CardName Label="颜良&文丑" Id="40" /> 
    <CardName Label="袁绍" Id="41" />  
    <CardName Label="董卓" Id="45" />
    <CardName Label="贾诩" Id="48" />
    <CardName Label="SP马超" Id="107" />
    <CardName Label="☆SP赵云" Id="108" />
    <CardName Label="☆SP貂蝉" Id="109" />
  </NodeName>
  <NodeName Label="神">
    <CardName Label="吕布(最强神话)" Id="191" />
    <CardName Label="吕布(暴怒的战神)" Id="192" />
    <CardName Label="神关羽" Id="201" />
    <CardName Label="神吕蒙" Id="202" />
    <CardName Label="神周瑜" Id="203" />
    <CardName Label="神诸葛亮" Id="204" />    
  </NodeName>  
</NodeName>
<NodeName Label="第三步：了解手牌">
  <!--       基本牌    -->
  <NodeName Label="基本牌">
    <CardName Label="杀" Id="10" />
    <CardName Label="闪" Id="2" />
    <CardName Label="桃" Id="25" />
    <CardName Label="酒" Id="130" />
    <CardName Label="火杀" Id="126" />
    <CardName Label="雷杀" Id="138" />
  </NodeName>
  <!--       锦囊牌       -->
  <NodeName Label="锦囊牌">
    <CardName Label="过河拆桥" Id="38" />
    <CardName Label="顺手牵羊" Id="3" />
    <CardName Label="借刀杀人" Id="78" />
    <CardName Label="决斗" Id="1" />
    <CardName Label="乐不思蜀" Id="71" />
    <CardName Label="万箭齐发" Id="27" />
    <CardName Label="南蛮入侵" Id="72" />
    <CardName Label="桃园结义" Id="40" />
    <CardName Label="五谷丰登" Id="30" />
    <CardName Label="无中生有" Id="33" />
    <CardName Label="无懈可击" Id="65" />
	<CardName Label="闪电" Id="92" />    
    <CardName Label="火攻" Id="133" />
    <CardName Label="兵粮寸断" Id="144" />
    <CardName Label="铁索连环" Id="145" />
  </NodeName>
  <!--         装备牌             -->
  <NodeName Label="装备牌">
    <CardName Label="诸葛连弩" Id="66" />
    <CardName Label="雌雄双股剑" Id="80" />
    <CardName Label="青釭剑" Id="84" />
    <CardName Label="青龙偃月刀" Id="96" />
    <CardName Label="丈八蛇矛" Id="103" />
    <CardName Label="贯石斧" Id="5" />
    <CardName Label="方天画戟" Id="12" />
    <CardName Label="麒麟弓" Id="44" />
    <CardName Label="八卦阵" Id="67" />
    <CardName Label="爪黄飞电" Id="52" />
    <CardName Label="的卢" Id="70" />
    <CardName Label="绝影" Id="83" />
    <CardName Label="赤兔" Id="31" />
    <CardName Label="紫骍" Id="13" />
    <CardName Label="大宛" Id="104" />
    <CardName Label="古锭刀" Id="135" />
    <CardName Label="朱雀羽扇" Id="122" />
    <CardName Label="藤甲" Id="136" />
    <CardName Label="白银狮子" Id="148" />
  </NodeName>
</NodeName>  
<NodeName Label="第四步：游戏规则">
  <CardName Label="标准模式介绍"/>
  <CardName Label="3v3模式介绍" />
  <CardName Label="1v1模式介绍" />
  <CardName Label="虎牢关(1V3)模式介绍" />  
  <CardName Label="游戏用语集"/>
</NodeName>
<NodeName Label="卡牌一览">
  <CardName Label="武将牌"/>
  <CardName Label="基础牌" />
  <CardName Label="装备牌" />
  <CardName Label="锦囊牌"/>
</NodeName>
</Card>