<?xml version="1.0" encoding="UTF-8"?>
<Skills>
	<Skill ID="1" Type="0" Range="0" Class="Sha" Properties="Huo,Lei" Name="杀">
		<ActiveTip>请选择{TargetCount}名角色，作为杀的目标;可选择最多{TargetCount}名角色，作为杀的目标</ActiveTip>
		<!--被动，服务器触发-->
		<PassiveTip>你需要出一张【杀】</PassiveTip>
		<DefensiveTip>{Source}对你使用了杀，请出一张【闪】</DefensiveTip>
		<Describe>
			<![CDATA[你的出牌阶段，对除你外，你攻击范围内的一名角色使用，效果是对该角色造成1点伤害]]>
		</Describe>
		<Operation>选中【杀】→选择攻击距离内目标→点“确定”</Operation>
	</Skill>
	<Skill ID="2" Type="0" Range="0" Class="Shan" Name="闪">
		<ActiveTip>选中主公张角，选中【闪】或者【闪电】，点确定把这张牌给他</ActiveTip>
		<Describe>
			<![CDATA[当你受到【杀】或【万箭齐发】的攻击时，你可以使用一张【闪】来抵消【杀】或【万箭齐发】的效果]]>
		</Describe>
		<Operation>选中【闪】→点“确定”</Operation>
	</Skill>
	<Skill ID="3" Type="0" Range="0" Class="Tao" Name="桃">
		<ActiveTip>使用【桃】你可以回复一点体力</ActiveTip>
		<Describe>
			<![CDATA[桃能在两种情况下使用：1、在你的出牌阶段，你可以使用它来回复你的1点体力 2、当有角色处于濒死状态时，你可以对该角色使用【桃】，防止该角色的死亡"]]>
		</Describe>
		<Operation>选中【桃】→点“确定”</Operation>
	</Skill>
	<Skill ID="4" Type="1" Range="0" Class="ShunShouQianYang" Name="顺手牵羊">
		<ActiveTip>请选择一名距离一以内的角色，对其使用后可得到他的一张牌</ActiveTip>
		<Describe>
			<![CDATA["出牌阶段，对除你以外，与你距离1以内的一名角色使用。你选择并获得该角色的手牌（随机选择）、装备区或判定区里的一张牌。]]>
		</Describe>
		<Operation>选中【顺手牵羊】→选择目标（距离1以内）→点“确定”→点选牌（手牌、装备、判定牌）</Operation>
	</Skill>
	<Skill ID="5" Type="1" Range="0" Class="GuoHeChaiQiao" Name="过河拆桥">
		<ActiveTip>请选择一名角色作为目标，弃掉对方一张牌</ActiveTip>
		<Describe>
			<![CDATA[出牌阶段，对除你外任意一名角色使用。你选择并弃掉该角色的手牌（随机选择一张）、装备区或判定区里的一张牌]]>
		</Describe>
		<Operation>选中【过河拆桥】→选择目标→点“确定”→点选牌（手牌、装备、判定牌）</Operation>
	</Skill>
	<Skill ID="6" Type="1" Range="0" Class="WuGuFengDeng" Name="五谷丰登">
		<ActiveTip>使用五谷丰登</ActiveTip>
		<Describe>
			<![CDATA[出牌阶段，对所有角色使用。你从牌堆亮出等同于现存角色数量的牌，然后按行动顺序结算，目标角色选择并获得其中的一张]]>
		</Describe>
		<Operation>选中【五谷丰登】→点“确定”</Operation>
	</Skill>
	<Skill ID="7" Type="1" Range="0" Class="WuZhongShengYou" Name="无中生有">
		<ActiveTip>使用无中生有，你可再摸两张牌</ActiveTip>
		<Describe>
			<![CDATA[出牌阶段，对你自己使用。摸两张牌]]>
		</Describe>
		<Operation>选中【无中生有】→点“确定”</Operation>
	</Skill>
	<Skill ID="8" Type="1" Range="0" Class="JueDou" Name="决斗">
		<ActiveTip>请任意选择一名角色为你的决斗目标</ActiveTip>
		<DefensiveTip>{Source}与你决斗，请出一张【杀】响应</DefensiveTip>
		<Describe>
			<![CDATA[出牌阶段，对除你外任意一名角色使用。由目标角色先开始，你和他/她轮流打出一张【杀】。【决斗】对首先不出【杀】的一方造成1点伤害，而另一方视为此伤害的来源]]>
		</Describe>
		<Operation>选中【决斗】→选择目标→点“确定”</Operation>
	</Skill>
	<Skill ID="9" Type="1" Range="0" Class="NanManRuQin" Name="南蛮入侵">
		<ActiveTip>使用南蛮入侵</ActiveTip>
		<DefensiveTip>{Source}使用了南蛮入侵，请出一张【杀】响应</DefensiveTip>
		<Describe>
			<![CDATA[出牌阶段，对除你以外的所有角色使用。按行动顺序结算～除非目标角色打出一张【杀】，否则该角色受到【南蛮入侵】对其造成的1点伤害]]>
		</Describe>
		<Operation>选中【南蛮入侵】→点“确定”</Operation>
	</Skill>
	<Skill ID="10" Type="1" Range="0" Class="WanJianQiFa" Name="万箭齐发">
		<ActiveTip>使用万箭齐发</ActiveTip>
		<DefensiveTip>{Source}使用了万箭齐发，请出一张【闪】</DefensiveTip>
		<Describe>
			<![CDATA[出牌阶段，对除你以外的所有角色使用。按行动顺序结算～除非目标角色打出一张【闪】，否则该角色受到【万箭齐发】对其造成的1点伤害]]>
		</Describe>
		<Operation>选中【万箭齐发】→点“确定”</Operation>
	</Skill>
	<Skill ID="11" Type="1" Range="0" Class="ShanDian" Name="闪电">
		<ActiveTip>添加【闪电】到自己的判定区;添加【闪电】到自己的判定区，或选择主公张角，把这张【闪电】送给他</ActiveTip>
		<UseTip>
			<![CDATA[{Source}的<font color="#ffff00">【闪电】</font>进行判定]]>
		</UseTip>		
		<Describe>
			<![CDATA[出牌阶段，对你使用，将【闪电】置于你的判定区里。【闪电】于你的下个判定阶段开始结算，其效果是：目标角色进行一次判定，若判定结果为黑桃2～9的牌，则【闪电】对该角色造成3点伤害，弃置【闪电】。若判定结果不在此范围，将【闪电】移动至下家的判定区里]]>
		</Describe>
		<Operation>选中【闪电】→点“确定”</Operation>
	</Skill>
	<Skill ID="12" Type="1" Range="0" Class="TaoYuanJieYi" Name="桃园结义">
		<ActiveTip>所有受伤的角色将恢复一点体力</ActiveTip>
		<Describe>
			<![CDATA[出牌阶段，对所有角色使用。按行动顺序结算，目标角色回复1点体力]]>
		</Describe>
		<Operation>选中【桃园结义】→点“确定”</Operation>
	</Skill>
	<Skill ID="13" Type="1" Range="0" Class="WuXieKeJi" Name="无懈可击">
		<Describe>
			<![CDATA[在目标锦囊生效前，抵消其对一名角色产生的效果]]>
		</Describe>
		<Operation>某锦囊生效前→选中【无懈可击】→点“确定”</Operation>
	</Skill>
	<Skill ID="14" Type="1" Range="0" Class="JieDaoShaRen" Name="借刀杀人">
		<ActiveTip>选择一名装备区有武器的角色杀另一名角色，若不出杀，则他武器交给你</ActiveTip>
		<DefensiveTip>{Source}对你使用借刀杀人，请你出【杀】，否则你装备的武器将归{Source}所有</DefensiveTip>
		<Describe>
			<![CDATA[出牌阶段，对除你外，装备区里有武器的一名角色使用。该角色需对其攻击范围内，你指定的另一名角色使用一张【杀】，否则将武器交给你]]>
		</Describe>
		<Operation>选中【借刀杀人】→选择目标一（须装备武器）→选择目标二（目标1出【杀】的目标）</Operation>
	</Skill>
	<Skill ID="15" Type="1" Range="0" Class="LeBuSiShu" Name="乐不思蜀">
		<ActiveTip>请选择你要使用乐不思蜀目标角色</ActiveTip>
		<UseTip>
			<![CDATA[{Source}的<font color="#ffff00">【乐不思蜀】</font>进行判定]]>
		</UseTip>		
		<Describe>
			<![CDATA[出牌阶段，对除你外，任意一名角色使用，将【乐不思蜀】横置于该角色的判定区里。【乐不思蜀】于该角色的判定阶段开始结算，其效果是：该角色进行一次判定，除非判定结果为红桃，否则跳过其出牌阶段]]>
		</Describe>
		<Operation>选中【乐不思蜀】→选择目标→点“确定”</Operation>
	</Skill>
	<Skill ID="16" Type="4" Range="0" Class="BaGuaZhen" Name="八卦阵">
		<ActiveTip>装备八卦阵</ActiveTip>
		<Describe>
			<![CDATA[<font color='#00FF00'>特效</font>&#xA;每当你需要使用（或打出）一张【闪】时，你可以进行一次判定：若结果为红色，则视为你使用（或打出）了一张【闪】；若为黑色，则你仍可以从手牌里使用（或打出）一张【闪】]]>
		</Describe>
		<Operation>系统提示→点“确定”</Operation>
		<UseTip>
			<![CDATA[{Source}的<font color="#ffff00">【八卦阵】</font>效果被触发]]>
		</UseTip>
	</Skill>
	<Skill ID="17" Type="5" Range="-1" Class="ChiTu" Name="赤兔">
		<ActiveTip>装备赤兔马，攻击时与其它玩家的距离-1</ActiveTip>
		<Describe>
			<![CDATA[你计算与其他角色的距离时，始终－1]]>
		</Describe>
	</Skill>
	<Skill ID="18" Type="5" Range="-1" Class="ZiXing" Name="紫騂">
		<ActiveTip>装备紫騂马，攻击时与其它玩家的距离-1</ActiveTip>
		<Describe>
			<![CDATA[你计算与其他角色的距离时，始终－1]]>
		</Describe>
	</Skill>
	<Skill ID="19" Type="5" Range="-1" Class="DaWan" Name="大宛">
		<ActiveTip>装备大宛马，攻击时与其它玩家的距离-1</ActiveTip>
		<Describe>
			<![CDATA[你计算与其他角色的距离时，始终－1]]>
		</Describe>
	</Skill>
	<Skill ID="20" Type="6" Range="1" Class="JueYing" Name="绝影">
		<ActiveTip>装备绝影，防守时与其它玩家的距离+1</ActiveTip>
		<Describe>
			<![CDATA[其他角色计算与你的距离时，始终＋1]]>
		</Describe>
	</Skill>
	<Skill ID="21" Type="6" Range="1" Class="DiLu" Name="的卢">
		<ActiveTip>装备的卢马，防守时与其它玩家的距离+1</ActiveTip>
		<Describe>
			<![CDATA[其他角色计算与你的距离时，始终＋1]]>
		</Describe>
	</Skill>
	<Skill ID="22" Type="6" Range="1" Class="ZhuaHuangFeiDian" Name="爪黄飞电">
		<ActiveTip>装备爪黄飞电马，防守时与其它玩家的距离+1</ActiveTip>
		<Describe>
			<![CDATA[其他角色计算与你的距离时，始终＋1]]>
		</Describe>
	</Skill>
	<Skill ID="23" Type="3" Range="1" Class="ZhuGeLianNu" Name="诸葛连弩">
		<ActiveTip>装备诸葛连弩</ActiveTip>
		<Describe>
			<![CDATA[攻击范围：1&#xA;<font color='#00FF00'>特效</font>&#xA;出牌阶段，你可以使用任意张【杀】]]>
		</Describe>
		<UseTip>
			<![CDATA[{Source}的<font color="#ffff00">【诸葛连弩】</font>武器效果被触发]]>
		</UseTip>
	</Skill>
	<Skill ID="24" Type="3" Range="2" Class="CiXiongShuangGuJian" Name="雌雄双股剑">
		<ActiveTip>装备雌雄双股剑</ActiveTip>
		<DefensiveTip>{Source}使用雌雄双股剑攻击你，请弃一张手牌或者点取消让{Source}摸一张牌。</DefensiveTip>
		<Describe>
			<![CDATA[攻击范围：2&#xA;<font color='#00FF00'>特效</font>&#xA;你使用【杀】，指定一名异性角色为目标后，你可以令对方选择一项：自己弃一张手牌或让你从牌堆摸一张牌]]>
		</Describe>
		<Operation>【杀】的目标为异性武将时→系统提示→点“确定”</Operation>
		<UseTip>
			<![CDATA[{Source}的<font color="#ffff00">【雌雄双股剑】</font>武器效果被触发,{Target}要弃掉一张手牌，或让{Source}摸一张牌]]>
		</UseTip>
	</Skill>
	<Skill ID="25" Type="3" Range="2" Class="QingGangJian" Name="青釭剑">
		<ActiveTip>装备青釭剑</ActiveTip>
		<Describe>
			<![CDATA[攻击范围：2&#xA;<font color='#00FF00'>特效</font>&#xA;锁定技，每当你使用【杀】攻击一名角色时，无视该角色的防具]]>
		</Describe>
		<UseTip>
			<![CDATA[{Source}的<font color="#ffff00">【青釭剑】</font>武器效果被触发,无视{Target}的防具]]>
		</UseTip>
	</Skill>
	<Skill ID="26" Type="3" Range="3" Class="QingLongYanYueDao" Name="青龙偃月刀">
		<ActiveTip>装备青龙偃月刀</ActiveTip>
		<EquipActiveTip>发动青龙偃月刀特效，可继续对{NextTarget}出【杀】</EquipActiveTip>
		<DefensiveTip>{Source}使用青龙偃月刀攻击你，请出一张【闪】</DefensiveTip>
		<Describe>
			<![CDATA[攻击范围：3&#xA;<font color='#00FF00'>特效</font>&#xA;当你使用的【杀】被【闪】抵消时，你可以立即对相同的目标再使用一张【杀】直到【杀】生效或你不愿意出了为止。]]>
		</Describe>
		<Operation>系统提示→点“确定”或【青龙偃月刀】→选中1张【杀】→点“确定”</Operation>
		<UseTip>
			<![CDATA[{Source}发动了<font color="#ffff00">【青龙偃月刀】</font>特效,继续对{Target}出【杀】]]>
		</UseTip>
	</Skill>
	<Skill ID="27" Type="3" Range="3" Class="ZhangBaSheMao" Name="丈八蛇矛">
		<ActiveTip>装备丈八蛇矛</ActiveTip>
		<EquipActiveTip>使用丈八蛇矛，选择两张手牌当【杀】使用</EquipActiveTip>
		<DefensiveTip>{Source}使用丈八蛇矛攻击你，请出一张闪</DefensiveTip>
		<Describe>
			<![CDATA[攻击范围：3&#xA;<font color='#00FF00'>特效</font>&#xA;当你需要使用或打出一张【杀】时，你可以将任意两张手牌当一张【杀】来使用或打出]]>
		</Describe>
		<Operation>点【丈八蛇矛】→选中2张手牌→选择目标→点“确定”</Operation>
		<UseTip>
			<![CDATA[{Source}发动了<font color="#ffff00">【丈八蛇矛】</font>的特效，把{Card}当杀使用]]>
		</UseTip>
	</Skill>
	<Skill ID="28" Type="3" Range="3" Class="GuanShiFu" Name="贯石斧">
		<ActiveTip>装备贯石斧</ActiveTip>
		<EquipActiveTip>使用贯石斧，选择弃掉两张手牌或装备，可强制命中目标</EquipActiveTip>
		<Describe>
			<![CDATA[攻击范围：3&#xA;<font color='#00FF00'>特效</font>&#xA;当你使用【杀】被抵消时，你可以弃两张牌，则【杀】依然造成伤害]]>
		</Describe>
		<Operation>系统提示→点“确定”或【贯石斧】→选中2张牌（手牌或装备）→点“确定”</Operation>
		<UseTip>
			<![CDATA[{Source}发动了<font color="#ffff00">【贯石斧】</font>的特效,弃掉{Card}强制命中对方]]>
		</UseTip>
	</Skill>
	<Skill ID="29" Type="3" Range="4" Class="FangTianHuaJi" Name="方天画戟">
		<ActiveTip>装备方天画戟</ActiveTip>
		<Describe>
			<![CDATA[攻击范围：4&#xA;<font color='#00FF00'>特效</font>&#xA;当你使用的【杀】是你的最后一张手牌时，你可以为这张【杀】指定至多三名目标角色，然后依次结算之。]]>
		</Describe>
		<Operation>手牌只剩1张【杀】时→选中【杀】→选择第一个目标→选择第二个目标（可不选）→选择第三个目标（可不选）→点“确定”</Operation>
	</Skill>
	<Skill ID="30" Type="3" Range="5" Class="QiLinGong" Name="麒麟弓">
		<ActiveTip>装备麒麟弓</ActiveTip>
		<DefensiveTip>{Source}对你使用了麒麟弓，请出一张【闪】，否则体力-1并且{Source}弃掉你装备的一匹马</DefensiveTip>
		<Describe>
			<![CDATA[攻击范围：5&#xA;<font color='#00FF00'>特效</font>&#xA;你使用【杀】对一名角色造成伤害时，你可以弃掉对方装备区里的一匹马]]>
		</Describe>
		<Operation>系统提示→点“确定”或【麒麟弓】→点选马</Operation>
	</Skill>
	<Skill ID="31" Type="2" OfflineType="1" Range="0" Class="RenDe" Name="仁德">
		<ActiveTip>选择任意张手牌及一名角色，点确定将手牌交给此角色;选择任意张手牌及一名角色，点确定将手牌交给此角色，本回合最多给2张卡牌</ActiveTip>
		<UseTip>
			<![CDATA[{0}<font color="#f6de9c">发动了技能 </font><font color="#ffff00">“仁德”</font><font color="#f6de9c">,将{1}张卡牌给了 </font>{2}{3}]]>
		</UseTip>		
		<Describe>
			<![CDATA[出牌阶段，可将任意数量的手牌交给其它角色，若给出的牌数不少于两张，自己回复1点体力]]>
		</Describe>
		<Operation>点"仁德"→选中数张手牌→选择目标→“确定”</Operation>
	</Skill>
	<Skill ID="32" Type="2" OfflineType="1" Range="0" Class="JiJiang" Name="激将">
		<ActiveTip>选择你要杀的角色，点击确定发动，其他蜀国武将可以替你出【杀】</ActiveTip>
		<DefensiveTip>{Source}对你使用激将，请你替他对{Target}出【杀】</DefensiveTip>
		<Describe>
			<![CDATA[主公技：蜀势力角色可以替你出【杀】]]>
		</Describe>
		<Operation>点"激将"→选择攻击距离内的目标→点“确定”&#x0A;须响应出【杀】时→点“激将”</Operation>
		<UseTip>
			<![CDATA[{Source}发动了技能<font color="#ffff00">“激将”</font>，目标是{Target};{Source}发动了技能<font color="#ffff00">“激将”</font>]]>
		</UseTip>
	</Skill>
	<Skill ID="33" Type="2" OfflineType="1" Range="0" Class="WuSheng" Name="武圣">
		<ActiveTip>选择一张红色的手牌或者装备，再选择要杀的目标</ActiveTip>
		<Describe>
			<![CDATA[可将任意红色花色的牌当【杀】使用或打出]]>
		</Describe>
		<Operation>点“武圣”→选中1张牌（红色手牌或装备）→选择攻击距离内的目标→点“确定”&#x0A;响应出【杀】时→点"武圣"→选中1张牌（红色手牌或装备）→点“确定”</Operation>
		<UseTip>
			<![CDATA[{Source}发动了技能<font color="#ffff00">“武圣”</font>，将卡牌{Card}当做【杀】使用，目标是{Target};关羽发动了技能<font color="#ffff00">“武圣”</font>，将卡牌{Card}当做【杀】打出]]>
		</UseTip>
	</Skill>
	<Skill ID="34" Type="2" OfflineType="1" Range="0" Class="PaoXiao" Name="咆哮">
		<Describe>
			<![CDATA[出牌阶段,可以使用任意数量的【杀】]]>
		</Describe>
		<UseTip>
			<![CDATA[{Source}发动了技能<font color="#ffff00">“咆哮”</font>，对{Target}使用了卡牌【杀】]]>
		</UseTip>
	</Skill>
	<Skill ID="35" Type="2" OfflineType="1" Range="0" Class="GuanXing" Name="观星">
		<Describe>
			<![CDATA[回合开始阶段，可以观看牌堆顶的X张牌(X为存活角色的数量且最多为5)，可将其中任意数量的牌以任意顺序置于牌堆顶，其余以任意顺序置于牌堆底]]>
		</Describe>
		<Operation>系统提示→点“确定”或“观星”→拖拽卡牌摆放位置→点“确定”</Operation>
	</Skill>
	<Skill ID="36" Type="2" OfflineType="2" Range="0" Class="KongCheng" Name="空城">
		<Describe>
			<![CDATA[当你无手牌时,不能成为【杀】或【决斗】的目标.]]>
		</Describe>
	</Skill>
	<Skill ID="37" Type="2" OfflineType="1" Range="0" Class="LongDan" Name="龙胆">
		<ActiveTip>使用“龙胆”,选择一张【闪】当【杀】使用,并且指定一名目标;使用“龙胆”，选择一张【杀】当【闪】使用</ActiveTip>
		<Describe>
			<![CDATA[可以将手牌的【杀】当【闪】，【闪】当【杀】使用或打出]]>
		</Describe>
		<Operation>需要出【杀】时→点“龙胆”→选择【闪】→点“确定”&#x0A;需要出【闪】时→点“龙胆”→选择【杀】→点“确定”</Operation>
		<UseTip>
			<![CDATA[{Source}发动了技能<font color="#ffff00">"龙胆"</font>，将卡牌{Card}当做【杀】使用，目标是{Target};赵云发动了技能<font color="#ffff00">“龙胆”</font>，将卡牌{Card}当做【闪】使用;赵云发动了技能<font color="#ffff00">“龙胆”</font>，将卡牌{Card}当做【杀】打出;赵云发动了技能<font color="#ffff00">“龙胆”</font>，将卡牌{Card}当做【闪】打出]]>
		</UseTip>
	</Skill>
	<Skill ID="38" Type="2" OfflineType="1" Range="0" Class="TieJi" Name="铁骑">
		<Describe>
			<![CDATA[当你使用【杀】指定一名角色为目标后，你可以进行判定，若为红色花色，此【杀】不可闪避]]>
		</Describe>
		<Operation>系统提示→点“确定”或“铁骑”</Operation>
	</Skill>
	<Skill ID="39" Type="2" OfflineType="1" Range="0" Class="JiZhi" Name="集智">
		<Describe>
			<![CDATA[当你使用一张非延时类锦囊时，在这张牌结算之前，你可以立即摸一张牌]]>
		</Describe>
		<UseTip>
			<![CDATA[{Source}发动了技能<font color="#ffff00">“集智”</font>]]>
		</UseTip>
	</Skill>
	<Skill ID="40" Type="2" OfflineType="2" Range="0" Class="QiCai" Name="奇才">
		<Describe>
			<![CDATA[使用任何锦囊无距离限制]]>
		</Describe>
	</Skill>
	<Skill ID="41" Type="2" OfflineType="1" Range="0" Class="XiaoJi" Name="枭姬">
		<Describe>
			<![CDATA[当你失去一张装备区里的牌时,可以立即摸2张牌]]>
		</Describe>
	</Skill>
	<Skill ID="42" Type="2" OfflineType="1" Range="0" Class="JianXiong" Name="奸雄">
		<Describe>
			<![CDATA[立即获得对自己造成伤害的牌]]>
		</Describe>
		<Operation>系统提示→点“确定”或“奸雄”</Operation>
		<UseTip>
			<![CDATA[{Source}发动了技能<font color="#ffff00">“奸雄”</font>]]>
		</UseTip>
	</Skill>
	<Skill ID="43" Type="2" OfflineType="1" Range="0" Class="HuJia" Name="护驾">
		<ActiveTip>将询问魏国武将是否替你出【闪】</ActiveTip>
		<DefensiveTip>{Source}发动了“护驾”，你是否替他出闪</DefensiveTip>
		<Describe>
			<![CDATA[主公技，魏国武将可以在任何时候替你出【闪】]]>
		</Describe>
		<Operation>需要出闪时→点“护驾”</Operation>
	</Skill>
	<Skill ID="44" Type="2" OfflineType="1" Range="0" Class="TuXi" Name="突袭">
		<ActiveTip>选择1至2名角色作为目标，从他们手牌里各抽取一张牌</ActiveTip>
		<Describe>
			<![CDATA[摸牌阶段，可以放弃摸牌，从1至2名角色的手牌里各抽取一张牌]]>
		</Describe>
		<Operation>系统提示→点“确定”或“突袭”→选择第一个目标→选择第二个目标（可不选）→点“确定”→点选获得目标手牌</Operation>
		<UseTip>
			<![CDATA[{Source}发动了技能<font color="#ffff00">“突袭”</font>，目标是{Target}]]>
		</UseTip>
	</Skill>
	<Skill ID="45" Type="2" OfflineType="1" Range="0" Class="LuoShen" Name="洛神">
		<Describe>
			<![CDATA[回合开始阶段，你可以进行判定，若为黑色花色，立即获得此牌，并可以再次使用洛神，如此往复，直至出现红色花色为止]]>
		</Describe>
		<Operation>系统提示→点“确定”或“洛神”</Operation>
	</Skill>
	<Skill ID="46" Type="2" OfflineType="1" Range="0" Class="QingGuo" Name="倾国">
		<ActiveTip>选择一张黑色花色卡牌当【闪】使用</ActiveTip>
		<Describe>
			<![CDATA[可以将任意黑色花色手牌当【闪】使用或打出]]>
		</Describe>
		<Operation>需要出【闪】时→点“倾国”→选中1张手牌→点“确定”</Operation>
		<UseTip>
			<![CDATA[{Source}发动了技能<font color="#ffff00">“倾国”</font>，将卡牌{Card}当做【闪】使用]]>
		</UseTip>
	</Skill>
	<Skill ID="47" Type="2" OfflineType="1" Range="0" Class="FanKui" Name="反馈">
		<Describe>
			<![CDATA[可以立即从对你造成伤害的来源处获得一张牌]]>
		</Describe>
		<Operation>系统提示→点“确定”或“反馈”→点选获得目标1张牌（手牌或装备）</Operation>
	</Skill>
	<Skill ID="48" Type="2" OfflineType="1" Range="0" Class="GuiCai" Name="鬼才">
		<ActiveTip>请打出一张牌代替{Target}的判定牌</ActiveTip>
		<Describe>
			<![CDATA[在任意玩家的判定牌生效前，可以打出一张手牌代替之]]>
		</Describe>
		<Operation>系统提示→点“确定”或“鬼才”→选中1张手牌→点“确定”</Operation>
		<UseTip>
			<![CDATA[{Source}发动了技能<font color="#ffff00">“鬼才”</font>，将判定牌代替为卡牌{Card}]]>
		</UseTip>
	</Skill>
	<Skill ID="49" Type="2" OfflineType="1" Range="0" Class="GangLie" Name="刚烈">
		<ActiveTip>{Source}对你造成伤害，是否使用“刚烈”</ActiveTip>
		<PassiveTip>{Source}对你造成伤害，是否使用“刚烈”</PassiveTip>
		<DefensiveTip>{Source}对你使用“刚烈”，你可以选择两张牌然后点确定弃掉，或点取消受到一点伤害</DefensiveTip>
		<Describe>
			<![CDATA[每受到一次伤害，可进行一次判定：若结果不为红桃，则目标来源必须进行选择:弃两张手牌或受到你对其造成的1点伤害]]>
		</Describe>
		<Operation>系统提示→点“确定”或“刚烈”</Operation>
	</Skill>
	<Skill ID="50" Type="2" OfflineType="1" Range="0" Class="LuoYi" Name="裸衣">
		<Describe>
			<![CDATA[摸牌阶段，你可以少摸一张牌;若如此做，该回合的出牌阶段，你使用的【杀】或【决斗】造成的伤害+1]]>
		</Describe>
		<Operation>系统提示→点“确定”或“裸衣”</Operation>
	</Skill>
	<Skill ID="51" Type="2" OfflineType="1" Range="0" Class="TianDu" Name="天妒">
		<Describe>
			<![CDATA[在你的判定牌生效后，你可以立即获得它]]>
		</Describe>
	</Skill>
	<Skill ID="52" Type="2" OfflineType="1" Range="0" Class="YiJi" Name="遗计">
		<ActiveTip>选择你“遗计”得到的牌，然后选择一名角色，点击确定将牌交给该角色</ActiveTip>
		<UseTip>
			<![CDATA[{0}<font color="#f6de9c">发动了技能 </font><font color="#ffff00">“遗计”</font><font color="#f6de9c">,将{1}张卡牌给了 </font>{2}{3}]]>
		</UseTip>		
		<Describe>
			<![CDATA[你每受到一点伤害，就能从牌堆里摸两张牌，将其中的一张交给任意一名角色，然后将另一张交给任意一名角色。]]>
		</Describe>
		<Operation>每受一点伤害→摸2张牌→选中摸到的牌（或点“取消”略过以下步骤）→选择目标→点“确定”</Operation>
	</Skill>
	<Skill ID="53" Type="2" OfflineType="1" Range="0" Class="ZhiHeng" Name="制衡">
		<ActiveTip>请选择你要“制衡”的手牌或者装备牌</ActiveTip>
		<Describe>
			<![CDATA[出牌阶段,你可以弃掉任意数量的牌，然后摸取等量的牌，每回合限用一次]]>
		</Describe>
		<Operation>点“制衡”→选中数张牌（手牌或装备）→点“确定”</Operation>
		<UseTip>
			<![CDATA[{Source}发动了技能<font color="#ffff00">“制衡”</font>，弃掉了卡牌{Card}]]>
		</UseTip>
	</Skill>
	<Skill ID="54" Type="2" OfflineType="2" Range="0" Class="JiuYuan" Name="救援">
		<Describe>
			<![CDATA[主公技，锁定技，其它吴势力角色在你濒死状态下对你使用【桃】时，你额外回复1点体力]]>
		</Describe>
	</Skill>
	<Skill ID="55" Type="2" OfflineType="1" Range="0" Class="YingZi" Name="英姿">
		<Describe>
			<![CDATA[摸牌阶段，你可以额外摸一张牌]]>
		</Describe>
	</Skill>
	<Skill ID="56" Type="2" OfflineType="1" Range="0" Class="FanJian" Name="反间">
		<ActiveTip>请选择一名角色，对其使用“反间”</ActiveTip>
		<DefensiveTip>{Source}对你使用了“反间”，请选择一种花色</DefensiveTip>
		<Describe>
			<![CDATA[出牌阶段，你可以指定一名其他角色，该角色选择一种花色后获得你的一张手牌并展示之，若此牌与所选花色不同，则你对该角色造成1点伤害。每个阶段限一次]]>
		</Describe>
		<Operation>点“反间”→选择目标→点“确定”</Operation>
		<UseTip>
			<![CDATA[{Source}发动了技能<font color="#ffff00">“反间”</font>，目标是{Target}]]>
		</UseTip>
	</Skill>
	<Skill ID="57" Type="2" OfflineType="1" Range="0" Class="QiXi" Name="奇袭" Sounds="QiXi_01,QiXi_02">
		<ActiveTip>选择一张黑色的手牌或者装备当【过河拆桥】使用</ActiveTip>
		<Describe>
			<![CDATA[出牌阶段，你可将任意一张黑色花色牌当【过河拆桥】使用]]>
		</Describe>
		<Operation>点“奇袭”→选中1张牌（黑色手牌或装备）→点“确定”→选择目标→点选牌（手牌、装备牌或判定牌）</Operation>
		<UseTip>
			<![CDATA[{Source}发动了技能<font color="#ffff00">“奇袭”</font>，将卡牌{Card}当做过河拆桥使用，目标是{Target}]]>
		</UseTip>
	</Skill>
	<Skill ID="58" Type="2" OfflineType="2" Range="0" Class="QianXun" Name="谦逊">
		<Describe>
			<![CDATA[锁定技，你不能成为【顺手牵羊】和【乐不思蜀】的目标]]>
		</Describe>
	</Skill>
	<Skill ID="59" Type="2" OfflineType="1" Range="0" Class="LianYing" Name="连营">
		<Describe>
			<![CDATA[每当你失去最后一张手牌时，可立即摸一张牌]]>
		</Describe>
	</Skill>
	<Skill ID="60" Type="2" OfflineType="1" Range="0" Class="GuoShe" Name="国色">
		<ActiveTip>选择一张方块花色卡牌当【乐不思蜀】，然后选择一名目标使用</ActiveTip>
		<Describe>
			<![CDATA[出牌阶段，你可以将你的任意 方块花色的牌当【乐不思蜀】使用]]>
		</Describe>
		<Operation>点“国色”→选中1张牌（方块花色手牌或装备）→选择目标→点“确定”</Operation>
		<UseTip>
			<![CDATA[{Source}发动了技能<font color="#ffff00">“国色”</font>，将卡牌{Card}当做乐不思蜀使用，目标是{Target}]]>
		</UseTip>
	</Skill>
	<Skill ID="61" Type="2" OfflineType="1" Range="0" Class="LiuLi" Name="流离">
		<ActiveTip>选择一张卡牌，并选择一名角色将{Source}对你的【杀】转移给此角色</ActiveTip>
		<DefensiveTip>{Source}将【杀】流离给你，请出【闪】</DefensiveTip>
		<Describe>
			<![CDATA[当你成为【杀】的目标时，可以弃一张牌，将此【杀】转移给你攻击范围内的另一名角色(该角色不得是【杀】的使用者)]]>
		</Describe>
		<Operation>系统提示→点“确定”或“流离”→选中1张牌（手牌或装备牌）→选择目标（攻击距离内）→点“确定”</Operation>
		<UseTip>
			<![CDATA[{Source}发动了技能<font color="#ffff00">“流离”</font>，弃掉了卡牌{Card}，目标是{Target}]]>
		</UseTip>
	</Skill>
	<Skill ID="62" Type="2" OfflineType="1" Range="0" Class="KuRou" Name="苦肉">
		<ActiveTip>失去一点体力，然后摸两张牌</ActiveTip>
		<Describe>
			<![CDATA[出牌阶段，你可以失去一点体力，然后摸两张牌。每回合中，你可以多次使用苦肉。]]>
		</Describe>
		<Operation>点“苦肉”</Operation>
		<UseTip>
			<![CDATA[{Source}发动了技能<font color="#ffff00">“苦肉”</font>，失去了1点体力"]]>
		</UseTip>
	</Skill>
	<Skill ID="63" Type="2" OfflineType="1" Range="0" Class="KeJi" Name="克己">
		<Describe>
			<![CDATA[若你于出牌阶段未使用或打出过任何一张【杀】，你可以跳过此回合的弃牌阶段]]>
		</Describe>
		<Operation>系统提示→点“确定”或“克己”</Operation>
	</Skill>
	<Skill ID="64" Type="2" OfflineType="1" Range="0" Class="JiJiu" Name="急救">
		<ActiveTip>选择一张红色手牌或者装备当【桃】使用</ActiveTip>
		<Describe>
			<![CDATA[你的回合外，你可以将你的任意红色花色牌当【桃】使用。]]>
		</Describe>
		<Operation>非自己回合时需使用【桃】时→点“急救”→选中1张牌（红色手牌或装备）→点“确定”</Operation>
		<UseTip>
			<![CDATA[{Source}发动了技能<font color="#ffff00">“急救”</font>，将卡牌{Card}当做桃使用，目标是{Target}]]>
		</UseTip>
	</Skill>
	<Skill ID="65" Type="2" OfflineType="1" Range="0" Class="QingNang" Name="青囊">
		<ActiveTip>请选择弃掉一张卡牌，然后选择一名目标，点击确定为其回复一点体力</ActiveTip>
		<Describe>
			<![CDATA[出牌阶段，你可以主动弃掉一张手牌，令任一角色回复1点体力。每回合限用一次]]>
		</Describe>
		<Operation>点“青囊”→选中1张手牌→选择目标→点“确定”</Operation>
		<UseTip>
			<![CDATA[{Source}发动了技能<font color="#ffff00">“青囊”</font>，弃掉了卡牌{Card}，为{Target}回复一点体力]]>
		</UseTip>
	</Skill>
	<Skill ID="66" Type="2" OfflineType="2" Range="0" Class="WuShuang" Name="无双">
		<Describe>
			<![CDATA[锁定技，你使用【杀】时,目标角色需连续使用两张【闪】才能抵消；与你进行【决斗】的角色每次需连续打出两张【杀】。]]>
		</Describe>
	</Skill>
	<Skill ID="67" Type="2" OfflineType="1" Range="0" Class="BiYue" Name="闭月">
		<Describe>
			<![CDATA[回合结束阶段，你可以摸一张牌]]>
		</Describe>
	</Skill>
	<Skill ID="68" Type="2" OfflineType="1" Range="0" Class="LiJian" Name="离间">
		<ActiveTip>选择一张手牌，并指定两名男性角色为目标</ActiveTip>
		<DefensiveTip>貂蝉对你和{Source}使用了“离间”，请出【杀】</DefensiveTip>
		<Describe>
			<![CDATA[出牌阶段，你可弃一张牌并选择两名男性角色。若如此做，视为其中第二名角色对第一名角色使用一张【决斗】（且不能被无懈）。每回合限用一次]]>
		</Describe>
		<Operation>点“离间”→选中1张牌（手牌或装备）→选择先出【杀】的目标→选择后出【杀】的目标→点“确定”</Operation>
		<UseTip>
			<![CDATA[{Source}发动了技能<font color="#ffff00">“离间”</font>，指使{Target1}对{Target2}使用【决斗】，请{Target2}先出【杀】]]>
		</UseTip>
	</Skill>
	<Skill ID="69" Type="2" OfflineType="1" Range="0" Class="JieYin" Name="结姻">
		<ActiveTip>选择两张要弃掉的卡牌，并选择一名受伤的男性目标，点击确定各回复你们一点体力</ActiveTip>
		<Describe>
			<![CDATA[出牌阶段,你可以弃两张手牌并指定一名受伤的男性角色：你和该角色各回复1点体力。每回合限用一次。]]>
		</Describe>
		<Operation>点“结姻”→选中2张手牌→选择目标（受伤男性角色）→点“确定”</Operation>
		<UseTip>
			<![CDATA[{Source}发动了技能<font color="#ffff00">“结姻”</font>，弃掉了卡牌{Card}，目标是{Target}]]>
		</UseTip>
	</Skill>
	<Skill ID="70" Type="2" OfflineType="2" Range="0" Class="MaShu" Name="马术">
		<Describe>
			<![CDATA[锁定技：当你计算与其它角色的距离时，始终-1]]>
		</Describe>
	</Skill>
<!-- 风 -->
	<Skill ID="71" Type="2" OfflineType="1" Range="0" Class="LieGong" Name="烈弓">
		<Describe>
			<![CDATA[出牌阶段，以下两种情况，你可以令你使用的【杀】不可被闪避：1.目标角色的手牌数大于或等于你的体力值.2.目标角色的手牌数小于或等于你的攻击范围]]>
		</Describe>
		<Operation>系统提示→点“确定”或“烈弓”</Operation>
		<UseTip>
			<![CDATA[{Source}发动了技能<font color="#ffff00">“烈弓”</font>，目标不可以使用【闪】]]>
		</UseTip>
	</Skill>
	<Skill ID="72" Type="2" OfflineType="2" Range="0" Class="KuangGu" Name="狂骨">
		<Describe>
			<![CDATA[锁定技，任何时候，你每对与你距离1以内的一名角色造成1点伤害，你回复1点体力]]>
		</Describe>
		<UseTip>
			<![CDATA[{Source}的<font color="#ffff00">“狂骨”</font>技能被触发，恢复了一点体力]]>
		</UseTip>
	</Skill>
	<Skill ID="73" Type="2" OfflineType="1" Range="0" Class="ShenSu" Name="神速">
		<ActiveTip>请选择一名角色，作为神速(杀)的目标;选择一个要放弃的装备，并选择一名角色作为神速(杀)的目标</ActiveTip>
		<DefensiveTip>{Source}对你使用了“神速”，请出一张【闪】</DefensiveTip>
		<Describe>
			<![CDATA[你可以分别作出下列选择：1.跳过该回合的判定阶段和摸牌阶段.2.跳过该回合出牌阶段并弃一张装备牌.你每做出上述之一项选择，视为对任意一名角色使用了一张【杀】]]>
		</Describe>
		<Operation>系统提示（开始阶段）→点“确定”或“神速”→选择目标→点“确定”&#x0A;系统提示（出牌阶段）→点“确定”或“神速”→选中装备牌（不论是否装备）→选择目标→点“确定”</Operation>
		<UseTip>
			<![CDATA[{Source}发动了技能<font color="#ffff00">“神速”</font>，目标是{Target};夏侯渊发动了技能<font color="#ffff00">“神速”</font>，弃掉了卡牌{Card}，目标是{Target}]]>
		</UseTip>
	</Skill>
	<Skill ID="74" Type="2" OfflineType="1" Range="0" Class="JuShou" Name="据守">
		<Describe>
			<![CDATA[回合结束阶段，你可以摸三张牌，若如此做，跳过你下个回合。]]>
		</Describe>
		<Operation>系统提示→点“确定”或“据守”</Operation>
		<UseTip>
			<![CDATA[{Source}发动<font color="#ffff00">“据守”</font>技能，立即摸3张牌并跳过我的下回合]]>
		</UseTip>
	</Skill>
	<Skill ID="75" Type="2" OfflineType="1" Range="0" Class="TianXiang" Name="天香">
		<ActiveTip>选择一张要弃的红桃牌,并指定一名目标，将伤害转移给该目标</ActiveTip>
		<Describe>
			<![CDATA[每当你受到伤害时，你可以弃一张红桃手牌来转移此伤害给任意一名角色，然后该角色摸X张牌，X为该角色当前已损失的体力值。]]>
		</Describe>
		<Operation>系统提示→点“确定”或“天香”→选中1张手牌（红桃或黑桃）→选择目标→点“确定”</Operation>
		<UseTip>
			<![CDATA[小乔发动了技能<font color="#ffff00">“天香”</font>，弃掉了卡牌{Card}，目标是{Target}]]>
		</UseTip>
	</Skill>
	<Skill ID="76" Type="2" OfflineType="2" Range="0" Class="HongYan" Name="红颜">
		<Describe>
			<![CDATA[锁定技，你的黑桃牌均视为红桃花色。]]>
		</Describe>
		<UseTip>
			<![CDATA[{Source}发动<font color="#ffff00">“红颜”</font>技能，黑桃视为红桃]]>
		</UseTip>
	</Skill>
	<Skill ID="77" Type="2" OfflineType="1" Range="0" Class="BuQu" Name="不屈">
		<Describe>
			<![CDATA[任何时候，当你的体力被扣减到0或更低时，每扣减1点体力：从牌堆亮出一张牌放在你的角色牌上，若该牌的点数与你角色牌上已有的任何一张牌都不同，你可以不死去。此牌亮出的时刻为你的濒死状态。]]>
		</Describe>
		<Operation>系统提示→点“确定”或“不屈”</Operation>
		<UseTip>
			<![CDATA[{Source}发动<font color="#ffff00">“不屈”</font>技能]]>
		</UseTip>
	</Skill>
	<Skill ID="78" Type="2" OfflineType="1" Range="0" Class="LeiJi" Name="雷击">
		<ActiveTip>请选择一名角色，作为“雷击”的目标</ActiveTip>
		<Describe>
			<![CDATA[每当你使用或打出一张【闪】时（在结算前），可令任意一名角色判定，若为黑桃，你对该角色造成2点雷电伤害。]]>
		</Describe>
		<Operation>系统提示→点“确定”或“雷击”→选择目标→点“确定”</Operation>
		<UseTip>
			<![CDATA[{Source}对{Target}发动了技能<font color="#ffff00">“雷击”</font>]]>
		</UseTip>
	</Skill>
	<Skill ID="79" Type="2" OfflineType="1" Range="0" Class="GuiDao" Name="鬼道">
		<ActiveTip>请打出一张黑色手牌或装备牌替换{Target}的判定牌</ActiveTip>
		<Describe>
			<![CDATA[在任意一名角色的判定牌生效前，你可以用自己的一张黑桃或梅花牌替换之。]]>
		</Describe>
		<Operation>系统提示→点“确定”或“鬼道”→选中1张牌（黑色手牌或装备）→点“确定”</Operation>
		<UseTip>
			<![CDATA[{Source}发动了技能<font color="#ffff00">“鬼道”</font>，将判定牌替换为卡牌{Card}]]>
		</UseTip>
	</Skill>
	<Skill ID="80" Type="2" OfflineType="1" Range="0" Class="HuangTian" Name="黄天">
		<UseTip>
			<![CDATA[{0}<font color="#f6de9c">发动了技能 </font><font color="#ffff00">“黄天”</font><font color="#f6de9c">,将{1}张卡牌给了 </font>{2}{3}]]>
		</UseTip>	
		<Describe>
			<![CDATA[主公技，群雄角色可在他们各自的出牌阶段给你一张〔闪〕或〔闪电〕。]]>
		</Describe>
		<Operation>选中1张【闪】或【闪电】（非主公的群雄角色）→选择目标(拥有“黄天”的角色)→点“确定”</Operation>
	</Skill>
	<Skill ID="81" Type="2" OfflineType="1" Range="0" Class="GuHuo" Name="蛊惑">
		<ActiveTip>使用“蛊惑”，先选择一张手牌，然后选择要“蛊惑”的牌</ActiveTip>
		<Describe>
			<![CDATA[当你需要使用或打出一张基本牌或非延时类锦囊牌时，你可以声明并将一张手牌扣于桌上。若无人质疑，则该牌按你所述之牌来用。若有人质疑，则亮出验明：若为真，质疑者各失去1点体力；若为假，质疑者各摸一张牌，除非被质疑的牌是红桃且为真，否则无论真假，该牌都作废，弃置之。]]>
		</Describe>
		<Operation>点“蛊惑”→选中1张手牌→点想要“蛊惑”的牌→点“蛊惑”后的牌的目标（若不需选择目标则略过）→点“确定”</Operation>
	</Skill>
<!-- 军 -->
	<Skill ID="82" Type="0" Range="0" Class="Jiu" Name="酒">
		<ActiveTip>使用酒，令自己的下一张使用的【杀】造成的伤害+1</ActiveTip>
		<Describe>
			<![CDATA[出牌阶段，对自己使用，令自己的下一张使用的【杀】造成的伤害+1（每回合限使用1次）；<br>任何时候，当自己进入濒死阶段时，对自己使用，立即回复1点体力值。]]>
		</Describe>
		<Operation>选中【酒】→点“确定”</Operation>
	</Skill>	
	<Skill ID="83" Type="1" Range="0" Class="HuoGong" Name="火攻">
		<ActiveTip>请请选择一个位置作为火攻的目标，然后点确定</ActiveTip>
		<DefensiveTip>{Target}展示了{Card}，如果你弃一张{CardFlower}花色的手牌，则{Target}受一点伤害</DefensiveTip>
		<Describe>
			<![CDATA[出牌阶段，对任一有手牌的角色使用。目标角色展示1张手牌，若你弃置1张与之相同花色的手牌，则你对目标角色造成1点火焰伤害。]]>
		</Describe>
		<Operation>选中【火攻】→选择目标（至少有1张手牌）→点“确定”→目标展示1张手牌→选中同花色的手牌→点“确定”</Operation>
	</Skill>
	<Skill ID="84" Type="1" Range="0" Class="BingLiangCunDuan" Name="兵粮寸断">
		<ActiveTip>请选择一个角色作为兵粮寸断的目标</ActiveTip>
		<UseTip>
			<![CDATA[{Source}的<font color="#ffff00">【兵粮寸断】</font>进行判定]]>
		</UseTip>			
		<Describe>
			<![CDATA[出牌阶段，对除你以外，与你距离为1以内的角色使用（横置于该角色的判定区内）若其判定的结果不为梅花，则跳过该角色的摸牌阶段。]]>
		</Describe>
		<Operation>选中【兵粮寸断】→选择目标（距离1以内）→点“确定”</Operation>
	</Skill>
	<Skill ID="85" Type="1" Range="0" Class="TieSuoLianHuan" Name="铁索连环">
		<ActiveTip>直接出牌重铸，或选择1至2个角色作为连环的目标</ActiveTip>
		<Describe>
			<![CDATA[连环，出牌阶段使用，选择1至2个角色，分别横置或重置这些角色。处于“连环状态”。<br>重铸，出牌阶段，你可以从手里弃掉这张牌，然后摸1张牌。]]>
		</Describe>
		<Operation>连锁和重置：选中【铁索连环】→选择1至2个目标→点“确定”&#x0A;重铸：选中【铁索连环】→点“确定”</Operation>
	</Skill>
	<Skill ID="86" Type="3" Range="2" Class="GuDingDao" Name="古锭刀">
		<ActiveTip>装备古锭刀</ActiveTip>
		<Describe>
			<![CDATA[攻击范围：2&#xA;<font color='#00FF00'>特效</font>&#xA;锁定技，当你使用的【杀】造成伤害时，若指定目标没有手牌，则该伤害+1。]]>
		</Describe>
	</Skill>
	<Skill ID="87" Type="3" Range="4" Class="ZhuQueYuShan" Name="朱雀羽扇">
		<ActiveTip>装备朱雀羽扇</ActiveTip>
		<EquipActiveTip>发动朱雀羽扇，选择一张普通杀当火杀使用</EquipActiveTip>
		<Describe>
			<![CDATA[攻击范围：4&#xA;<font color='#00FF00'>特效</font>&#xA;你可以将你的任一普通杀当作具火焰伤害的杀来使用。]]>
		</Describe>
		<Operation>系统提示→点“确定”或【朱雀羽扇】</Operation>
	</Skill>
	<Skill ID="88" Type="4" Range="0" Class="TengJia" Name="藤甲">
		<ActiveTip>装备藤甲</ActiveTip>
		<Describe>
			<![CDATA[防具效果：锁定技，南蛮入侵、万箭齐发和普通杀对你无效。每次受到火焰伤害时，该伤害+1。]]>
		</Describe>
	</Skill>
	<Skill ID="89" Type="4" Range="0" Class="BaiYinShiZi" Name="白银狮子">
		<ActiveTip>装备白银狮子</ActiveTip>
		<Describe>
			<![CDATA[防具效果：锁定技，每次你受到伤害时，最多承受1点伤害（防止多余的伤害）；当你失去装备区里的白银狮子时，你回复1点体力值。]]>
		</Describe>
	</Skill>		
	<Skill ID="90" Type="6" Range="1" Class="HuaLiu" Name="骅骝">
		<ActiveTip>装备骅骝，防守时与其它玩家的距离+1</ActiveTip>
		<Describe>
			<![CDATA[其他角色计算与你的距离时，始终＋1]]>
		</Describe>
	</Skill>
<!-- 火包 -->
	<Skill ID="91" Type="2" OfflineType="1" Range="0" Class="QiangXi" Name="强袭">
		<ActiveTip>选择一张武器牌或不选(将自减1点体力)，再指定一名角色作为强袭的目标</ActiveTip>
		<Describe>
			<![CDATA[出牌阶段，你可以自减1点体力或弃一张武器牌，然后对你攻击范围内的一名角色造成1点伤害。每回合限用一次]]>
		</Describe>
		<UseTip>
			<![CDATA[{Source}自减1点体力,发动技能{UseSkill},目标是{Target};{Source}弃掉卡牌{Card},发动技能{UseSkill},目标是{Target}]]>
		</UseTip>
		<Operation>点“强袭”→选中一张武器牌（可略过）→选择目标（攻击范围内）→点“确定</Operation>		
	</Skill>
	<Skill ID="92" Type="2" OfflineType="1" Range="0" Class="QuHu" Name="驱虎">
		<ActiveTip>选择一名体力比你多的角色为目标，并且选择一张手牌进行拼点;你拼点赢了，请指定{Target}攻击范围内的一名角色，对其造成1点伤害</ActiveTip>
		<Describe>
			<![CDATA[出牌阶段，你可以与一名体力比你多的角色拼点，若你赢，目标角色对其攻击范围内，你指定的另一名角色（不能是被驱虎的角色本身）造成1点伤害。若你没赢，他/她对你造成1点伤害。每回合限用一次。]]>
		</Describe>
		<UseTip>
			<![CDATA[{Source}对{Target}发动{UseSkill},进行拼点]]>
		</UseTip>
		<Operation>点“驱虎”→选择目标1→点“确定”→选中1张手牌（拼点用）→点“确定”→若赢则选择目标2（目标1攻击范围内）→点“确定”</Operation>		
	</Skill>
	<Skill ID="93" Type="2" OfflineType="1" Range="0" Class="JieMing" Name="节命">
		<ActiveTip>选择一名角色作为目标，这名角色可以将手牌补至其体力上限</ActiveTip>
		<Describe>
			<![CDATA[你每受到1点伤害，可令任意一名角色将手牌补至其体力上限的张数（不能超过5张）。]]>
		</Describe>
		<UseTip>
			<![CDATA[{Source}发动了{UseSkill},令{Target}补充手牌数至其体力上限{Card}]]>
		</UseTip>
		<Operation>系统提示→点“确定”→选择目标→点“确定”</Operation>		
	</Skill>
	<Skill ID="94" Type="2" OfflineType="1" Range="0" Class="LianHuan" Name="连环">
		<ActiveTip>选择一张梅花手牌，直接出牌重铸，或选择1至2个角色作为连环的目标</ActiveTip>
		<Describe>
			<![CDATA[出牌阶段，你可以将你任意一张梅花手牌当【铁索连环】使用或重铸。]]>
		</Describe>
		<UseTip>
			<![CDATA[{Source}发动了技能{UseSkill},将{Card}重铸;{Source}发动了技能{UseSkill},将{Card}当铁锁连环使用,目标是{Target}]]>
		</UseTip>
		<Operation>使用与重置:点“连环”→选中1张手牌→选择目标1→选择目标2（可不选）→点“确定”&#x0A;重铸:点“连环”→选中1张手牌→点“确定”</Operation>			
	</Skill>
	<Skill ID="95" Type="2" OfflineType="3" Range="0" Class="NiePan" Name="涅槃">
		<Describe>
			<![CDATA[限定技，当你处于濒死状态时，你可以丢弃你所有的牌和你判定区里的牌，并重置你的武将牌，然后摸三张牌且体力回复至3点。]]>
		</Describe>
		<UseTip>
			<![CDATA[{Source}发动了技能{UseSkill}，弃掉所有手牌、装备、判定牌，重置了所有状态]]>
		</UseTip>
		<Operation>系统提示→点“确定”或“涅槃”</Operation>		
	</Skill>
	<Skill ID="96" Type="2" OfflineType="2" Range="0" Class="BaZhen" Name="八阵">
		<Describe>
			<![CDATA[锁定技，当你没装备防具时，始终视为你装备着【八卦阵】。]]>
		</Describe>
		<Operation>系统提示时→点“确定”或“八阵”</Operation>
	</Skill>
	<Skill ID="97" Type="2" OfflineType="1" Range="0" Class="HuoJi" Name="火计">
		<ActiveTip>选择一张红色手牌，并且选择一名角色，发动【火攻】</ActiveTip>
		<Describe>
			<![CDATA[出牌阶段，你可以将你的任意一张红色手牌当【火攻】使用。]]>
		</Describe>
		<UseTip>
			<![CDATA[{Source}发动了技能{UseSkill},将{Card}当火攻使用,目标是{Target}]]>
		</UseTip>
		<Operation>点“火计”→选中1张手牌（红桃或方块）→选择目标（至少有一张手牌）→点“确定”→目标展示1张手牌→选中1张手牌（与目标展示牌花色相同）→点“确定”</Operation>
	</Skill>
	<Skill ID="98" Type="2" OfflineType="1" Range="0" Class="KanPo" Name="看破">
		<Describe>
			<![CDATA[你可以将你的任意一张黑色手牌当【无懈可击】使用。]]>
		</Describe>
		<UseTip>
			<![CDATA[{Source}发动了技能{UseSkill},将{Card}当无懈可击使用]]>
		</UseTip>
		<Operation>点“看破”→选中1张手牌（黑桃或草花）→点“确定”</Operation>		
	</Skill>
	<Skill ID="99" Type="2" OfflineType="1" Range="0" Class="TianYi" Name="天义">
		<ActiveTip>选择一名角色，并且选择一张手牌进行拼点</ActiveTip>
		<Describe>
			<![CDATA[出牌阶段，你可以和一名角色拼点。若你赢，你获得以下技能直到回合结束：攻击范围无限；可以额外使用一张【杀】；使用【杀】时可以额外指定一个目标。若你没赢，你不能使用【杀】直到回合结束。]]>
		</Describe>
		<UseTip>
			<![CDATA[{Source}对{Target}发动了{UseSkill},进行拼点]]>
		</UseTip>
		<ResultTip>太史慈拼点赢了,本回合出【杀】次数+1,【杀】的目标+1;太史慈拼点未赢,本回合不得出【杀】</ResultTip>
		<Operation>点“天义”→选择目标→点“确定”→选中1张手牌（拼点用）→点“确定”</Operation>
	</Skill>
	<Skill ID="100" Type="2" OfflineType="1" Range="0" Class="MengJin" Name="猛进">
		<Describe>
			<![CDATA[当你使用的【杀】被【闪】抵消时，你可以弃掉对方的一张牌。]]>
		</Describe>
		<Operation>系统提示→点“确定”或“猛进”→点选目标牌（手牌、装备）</Operation>
	</Skill>	
	<Skill ID="101" Type="2" OfflineType="1" Range="0" Class="ShuangXiong" Name="双雄">
		<ActiveTip>请任意选择一名角色为你的决斗目标</ActiveTip>
		<Describe>
			<![CDATA[摸牌阶段，你可以选择放弃摸牌并进行一次判定：你获得此判定牌并且此回合可以将任意一张与该判定牌不同颜色的手牌当【决斗】使用。]]>
		</Describe>
		<UseTip>
			<![CDATA[{Source}发动了{UseSkill};{Source}发动了{UseSkill}的特效,把{Card}当决斗使用]]>
		</UseTip>
		<Operation>系统提示→点“确定”或“双雄”&#x0A;点“双雄”→选择手牌（与判定牌颜色不同）→选择目标→点“确定”</Operation>		
	</Skill>	
	<Skill ID="102" Type="2" OfflineType="1" Range="0" Class="LuanJi" Name="乱击">
		<ActiveTip>选择两张相同花色的手牌，当做万箭齐发使用</ActiveTip>
		<Describe>
			<![CDATA[出牌阶段，你可以将任意两张相同花色的手牌当【万箭齐发】使用。]]>
		</Describe>
		<UseTip>
			<![CDATA[{Source}发动了{UseSkill},把{Card}当万箭齐发使用]]>
		</UseTip>
		<Operation>点“乱击”→选中1张手牌A→选中1张手牌B（与A花色相同）→点“确定”</Operation>
	</Skill>
	<Skill ID="103" Type="2" OfflineType="2" Range="0" Class="XueYi" Name="血裔">
		<Describe>
			<![CDATA[主公技，锁定技，场上每有一名其他群雄角色存活，你的手牌上限便+2。]]>
		</Describe>
	</Skill>		
<!-- EX -->
	<Skill ID="200" Type="4" Range="0" Class="RenWangDun" Name="仁王盾">
		<ActiveTip>装备仁王盾</ActiveTip>
		<Describe>
			<![CDATA[锁定技：黑色的【杀】对你无效]]>
		</Describe>
	</Skill>
	<Skill ID="201" Type="3" Range="2" Class="HanBingJian" Name="寒冰剑">
		<ActiveTip>装备寒冰剑</ActiveTip>
		<Describe>
			<![CDATA[攻击范围：2&#xA;<font color='#00FF00'>特效</font>&#xA;当你使用【杀】造成伤害时，你可以防止此伤害，改为弃置该目标角色的两张牌]]>
		</Describe>
		<Operation>系统提示→点“确定”或【寒冰剑】→点选2张牌（手牌或装备）</Operation>
	</Skill>
<!-- SP -->
	<Skill ID="202" Type="2" OfflineType="2" Range="0" Class="YongSi" Name="庸肆">
		<Describe>
			<![CDATA[锁定技：摸牌阶段，你额外摸X张牌，X为场上现存势力数。弃牌阶段，你至少须弃掉等同于场上现存势力数的牌(不足则全弃)]]>
		</Describe>
	</Skill>
	<Skill ID="203" Type="2" OfflineType="2" Range="0" Class="WeiDi" Name="伪帝">
		<Describe>
			<![CDATA[锁定技：你拥有当前主公的主公技]]>
		</Describe>
	</Skill>
	<Skill ID="204" Type="2" OfflineType="2" Range="0" Class="YiCong" Name="义从">
		<Describe>
			<![CDATA[锁定技：只要你的体力值大于2点，你计算与其它角色的距离时，始终-1;只要你的体力值为2点或更低，其它角色计算与你的距离时，始终+1]]>
		</Describe>
	</Skill>
	<Skill ID="208" Type="2" OfflineType="1" Range="0" Class="ChongZhen" Name="冲阵">
		<Describe>
			<![CDATA[每当你发动“龙胆”使用或者打出一张手牌时，你可以立即获得对方的一张手牌。]]>
		</Describe>
	</Skill>
	<Skill ID="209" Type="2" OfflineType="1" Range="0" Class="LiHun" Name="离魂">
		<ActiveTip>选择一张要弃置的卡牌，并且选择一个男性角色作为目标。;离魂技能被触发，请选择{TargetHP}张牌给{Target}。</ActiveTip>
		<Describe>
			<![CDATA[出牌阶段，你可以弃置一张牌并将你的武将牌翻面，若如此做，指定一名男性角色，获得其所有手牌。出牌阶段结束时，你必须为该角色每一点体力分配给其一张牌。每回合限一次。]]>
		</Describe>
	</Skill>
<!-- 虎牢关 -->
	<Skill ID="351" Type="2" OfflineType="1" Range="0" Class="XiuLuo" Name="修罗">
		<ActiveTip>选择一张与判定区里的延时锦囊花色相同的手牌</ActiveTip>
		<Describe>
			<![CDATA[回合开始阶段，你可以弃一张手牌来弃置你判定区里的一张延时锦囊（必须花色相同）]]>
		</Describe>
	</Skill>
	<Skill ID="352" Type="2" OfflineType="2" Range="0" Class="ShenWei" Name="神威">
		<Describe>
			<![CDATA[锁定技：摸牌阶段，你额外摸两张牌，你的手牌上限+2]]>
		</Describe>
	</Skill>
	<Skill ID="353" Type="2" OfflineType="1" Range="0" Class="ShenJi" Name="神戟">
		<Describe>
			<![CDATA[没装备武器时，你使用的杀可指定至多3名角色为目标]]>
		</Describe>
	</Skill>		
<!-- 一将成名 -->
	<Skill ID="410" Type="2" OfflineType="1" Range="0" Class="XinZhan" Name="心战">
		<Describe>
			<![CDATA[出牌阶段，若你的手牌数大于你的体力上限，你可以观看牌堆顶的三张牌，然后展示其中任意数量的红桃牌并获得之，其余以任意顺序置于牌堆顶。每回合限一次。]]>
		</Describe>
	</Skill>
	<Skill ID="411" Type="2" OfflineType="2" Range="0" Class="HuiLei" Name="挥泪">
		<Describe>
			<![CDATA[锁定技，杀死你的角色立即弃置所有的牌。]]>
		</Describe>
	</Skill>
	<Skill ID="417" Type="2" OfflineType="2" Range="0" Class="YiZhong" Name="毅重">
		<Describe>
			<![CDATA[锁定技：当你没装备防具时，黑色的【杀】对你无效]]>
		</Describe>
	</Skill>
	<Skill ID="407" Type="2" OfflineType="2" Range="0" Class="EnYuan" Name="恩怨">
		<DefensiveTip>{Source}对你使用了“恩怨”，请选择一张红桃花色手牌给{Source}，或点取消失去一点体力</DefensiveTip>
		<Describe>
			<![CDATA[锁定技：其它角色每令你回复1点体力。该角色摸一张牌；其它角色每对你造成一次伤害，须给你一张红桃花色手牌，否则该角色失去一点体力。]]>
		</Describe>
	</Skill>
	<Skill ID="408" Type="2" OfflineType="1" Range="0" Class="XuanHuo" Name="眩惑">
		<ActiveTip>选择一张红桃花色手牌，并选择一名其它角色;选择最后获得的卡牌，然后选择一名角色，点击确定将牌交给该角色</ActiveTip>
		<Describe>
			<![CDATA[出牌阶段，你可将一张红桃花色手牌交给一名其它角色，然后，你获得该角色的一张牌并立即交给除该角色外的其它角色，每回合限一次]]>
		</Describe>
	</Skill>
	<Skill ID="415" Type="2" OfflineType="2" Range="0" Class="WuYan" Name="无言">
		<Describe>
			<![CDATA[锁定技，你使用的非延迟类锦囊对其他角色无效；其他角色使用的非延迟类锦囊对你无效]]>
		</Describe>
	</Skill>
	<Skill ID="416" Type="2" OfflineType="1" Range="0" Class="JuJian" Name="举荐">
		<ActiveTip>请弃至多三张卡牌，如果三张类型相同，你可回复一点体力</ActiveTip>
		<Describe>
			<![CDATA[出牌阶段，你可以弃至多三张牌，然后让一名其他角色摸等量的牌。若你以此法弃牌不少于三张且均为同一类别，你回复1点体力。每回合限一次。]]>
		</Describe>
	</Skill>
<!-- 林 -->
	<Skill ID="104" Type="2" OfflineType="1" Range="0" Class="DuanLiang" Name="断粮">
		<ActiveTip>选择一张黑色基本牌或装备牌当【兵粮寸断】使用</ActiveTip>
		<UseTip>
			<![CDATA[{Source}发动了技能<font color="#ffff00">“断粮”</font>，将卡牌{Card}当做<font color="#ffff00">【兵粮寸断】</font>使用，目标是{Target}]]>
		</UseTip>		
		<Describe>
			<![CDATA[出牌阶段，可以将你的任意一张黑色的基本牌或装备牌当【兵粮寸断】使用；你可以对与你距离2以内的角色使用【兵粮寸断】。]]>
		</Describe>
	</Skill>
	<Skill ID="105" Type="2" OfflineType="1" Range="0" Class="XingShang" Name="行殇">
		<PassiveTip>{Source}阵亡，你是否发动“行殇”，获得{Source}所有牌</PassiveTip>
		<Describe>
			<![CDATA[你可以立即获得死亡角色的所有牌。]]>
		</Describe>
	</Skill>
	<Skill ID="106" Type="2" OfflineType="1" Range="0" Class="FangZhu" Name="放逐">
		<ActiveTip>请选择一个目标令其补{SourceLossHP}张牌</ActiveTip>
		<Describe>
			<![CDATA[你每受到一次伤害，可令除你以外的任一角色补X张牌，X为你已损失的体力值，然后该角色将其武将牌翻面。]]>
		</Describe>
	</Skill>
	<Skill ID="107" Type="2" OfflineType="1" Range="0" Class="SongWei" Name="颂威">
		<DefensiveTip>是否发动{Source}的技能“颂威”，让{Source}摸一张牌</DefensiveTip>
		<Describe>
			<![CDATA[主公技，其他魏势力角色的判定牌结果为黑色且生效后，可以让你摸一张牌。]]>
		</Describe>
	</Skill>
	<Skill ID="108" Type="2" OfflineType="1" Range="0" Class="YingHun" Name="英魂">
		<ActiveTip>选择一个角色作为英魂的目标</ActiveTip>
		<DefensiveTip>点确定让{Target}摸{SourceLossHP}张牌，然后弃一张牌;点取消让{Target}摸一张牌，然后弃{SourceLossHP}张牌</DefensiveTip>
		<ResultTip>{0}发动了“英魂”，请弃掉{1}张牌</ResultTip>
		<Describe>
			<![CDATA[回合开始阶段，若你已受伤，可令一名其他角色执行下列两项中的一项：1.摸X张牌，然后弃一张牌。2.摸一张牌，然后弃X张牌。X为你已损失的体力值，每回合限一次。]]>
		</Describe>
	</Skill>
	<Skill ID="109" Type="2" OfflineType="1" Range="0" Class="JiuChi" Name="酒池">
		<UseTip>
			<![CDATA[{Source}发动了技能<font color="#ffff00">“酒池”</font>，将卡牌{Card}当做【酒】使用]]>
		</UseTip>	
		<Describe>
			<![CDATA[你可以将你的任意一张黑桃手牌当【酒】使用。]]>
		</Describe>
	</Skill>
	<Skill ID="110" Type="2" OfflineType="2" Range="0" Class="RouLin" Name="肉林">
		<Describe>
			<![CDATA[锁定技，你对女性角色、女性角色对你使用【杀】时，需连续使用两张【闪】才能抵消。]]>
		</Describe>
	</Skill>
	<Skill ID="111" Type="2" OfflineType="2" Range="0" Class="BengHuai" Name="崩坏">
		<DefensiveTip>崩坏发动，减少体力上限点确认; 减少体力点取消</DefensiveTip>
		<Describe>
			<![CDATA[锁定技，回合结束阶段，若你的体力不是全场最少的（或同时为最少），则你必须减1点体力或1点体力上限。]]>
		</Describe>
	</Skill>
	<Skill ID="112" Type="2" OfflineType="1" Range="0" Class="BaoNue" Name="暴虐">
		<DefensiveTip>是否发动{Source}的“暴虐”进行判定，如果结果为黑桃，{Source}将恢复1点体力</DefensiveTip>
		<Describe>
			<![CDATA[主公技，其他群雄角色每造成一次伤害，可进行一次判定，若为黑桃，你回复1点体力。]]>
		</Describe>
	</Skill>
	<Skill ID="113" Type="2" OfflineType="2" Range="0" Class="JuXiang" Name="巨象">
		<Describe>
			<![CDATA[锁定技，【南蛮入侵】对你无效；若其他角色使用的【南蛮入侵】在结算完时进入弃牌堆，你立即获得它。]]>
		</Describe>
	</Skill>
	<Skill ID="114" Type="2" OfflineType="1" Range="0" Class="LieRen" Name="烈刃">
		<Describe>
			<![CDATA[你每使用【杀】造成一次伤害，可与受到该伤害的角色拼点：若你赢，你获得对方的一张牌。]]>
		</Describe>
	</Skill>
	<Skill ID="115" Type="2" OfflineType="2" Range="0" Class="HuoShou" Name="祸首">
		<Describe>
			<![CDATA[锁定技，【南蛮入侵】对你无效；你是任何【南蛮入侵】造成伤害的来源。]]>
		</Describe>
	</Skill>
	<Skill ID="116" Type="2" OfflineType="1" Range="0" Class="ZaiQi" Name="再起">
		<UseTip>
			<![CDATA[{Source}发动了技能<font color="#ffff00">“再起”</font>，亮出的卡牌是{Card}]]>
		</UseTip>	
		<Describe>
			<![CDATA[摸牌阶段，若你已受伤，你可以放弃摸牌阶段并展示牌堆顶的X张牌，X为你已损失的体力值，其中每有一张红桃牌，你回复1点体力，然后弃掉这些红桃牌，将其余的牌收入手牌。]]>
		</Describe>
	</Skill>
	<Skill ID="117" Type="2" OfflineType="2" Range="0" Class="WanSha" Name="完杀">
		<Describe>
			<![CDATA[锁定技，在你的回合，除你以外，只有处于濒死状态的角色才能使用【桃】。]]>
		</Describe>
	</Skill>
	<Skill ID="118" Type="2" OfflineType="3" Range="0" Class="LuanWu" Name="乱武">
		<DefensiveTip>{Source}发动“乱武”，请对距离最近的一名角色使用杀，否则失去1点体力</DefensiveTip>
		<Describe>
			<![CDATA[限定技，出牌阶段，可以令除你外的所有角色依次对与其距离最近的另一名角色使用一张【杀】，无法如此做者失去1点体力。]]>
		</Describe>
	</Skill>
	<Skill ID="119" Type="2" OfflineType="2" Range="0" Class="WeiMu" Name="帷幕">
		<Describe>
			<![CDATA[锁定技，你不能成为黑色锦囊的目标。]]>
		</Describe>
	</Skill>
	<Skill ID="120" Type="2" OfflineType="1" Range="0" Class="HaoShi" Name="好施">
		<ActiveTip>选择{HalfHandCardCount}张卡牌，交给手牌数最少的一名角色</ActiveTip>
		<Describe>
			<![CDATA[摸牌阶段，你可以额外摸两张牌，若此时你的手牌数超过五张，你必须将一半（向下取整）的手牌交给除你外手牌数最少的一名角色。]]>
		</Describe>
	</Skill>
	<Skill ID="121" Type="2" OfflineType="1" Range="0" Class="DiMeng" Name="缔盟">
		<Describe>
			<![CDATA[出牌阶段，你可以选择其他两名角色，你弃掉等同于这两名角色手牌数差的牌，然后交换他们的手牌，每回合限一次。]]>
		</Describe>
	</Skill>
<!-- 风  神武将-->
	<Skill ID="301" Type="2" OfflineType="2" Range="0" Class="WuShen" Name="武神">
		<UseTip>
			<![CDATA[{Source}发动了技能<font color="#ffff00">“武神”</font>，把{Card}当<font color="#ffff00">【杀】</font>使用，目标是{Target}]]>
		</UseTip>	
		<Describe>
			<![CDATA[锁定技，你的每一张红桃手牌都视为【杀】，你使用红桃的【杀】时无距离限制。]]>
		</Describe>
	</Skill>
	<Skill ID="302" Type="2" OfflineType="2" Range="0" Class="WuHun" Name="武魂">
		<ActiveTip>选择梦魇标记最多的一名角色作为“武魂”的目标</ActiveTip>
		<Describe>
			<![CDATA[锁定技，任意角色每对你造成1点伤害，获得一个梦魇标记。你死亡时，令持有最多该标记的一名角色判定：除非结果为【桃】或【桃园结义】，否则该角色立即死亡。]]>
		</Describe>
	</Skill>
	<Skill ID="303" Type="2" OfflineType="1" Range="0" Class="SheLie" Name="涉猎">
		<Describe>
			<![CDATA[摸牌阶段，你可以选择执行以下行动来取代摸牌：从牌堆顶亮出五张牌，拿走不同花色的牌各一张，然后弃掉其余的。]]>
		</Describe>
	</Skill>
	<Skill ID="304" Type="2" OfflineType="1" Range="0" Class="GongXin" Name="攻心">
		<ActiveTip>选择一名角色作为“攻心”的目标</ActiveTip>
		<Describe>
			<![CDATA[出牌阶段，你可以观看一次任意一名角色的手牌，并可以展示其中一张红桃牌，然后弃掉它或将它置于牌堆顶。]]>
		</Describe>
	</Skill>
	<Skill ID="305" Type="2" OfflineType="1" Range="0" Class="QinYin" Name="琴音">
		<ActiveTip>点确定让所有角色回复1点体力，点取消让所有角色各失去1点体力</ActiveTip>
		<Describe>
			<![CDATA[弃牌阶段，当你弃掉了两张或更多的手牌，可令所有角色各回复1点体力或各失去1点体力。]]>
		</Describe>
	</Skill>
	<Skill ID="306" Type="2" OfflineType="3" Range="0" Class="YeYan" Name="业炎">
		<ActiveTip>请选择1至3名角色做为业炎的目标</ActiveTip>
		<Describe>
			<![CDATA[限定技，出牌阶段，你可以选择1~3名角色，你分别对他们造成最多共3点火焰伤害（你可以任意分配），若你将对1名角色分配2点或更多的火焰伤害，你必须先弃掉4张不同花色的手牌并失去3点体力。]]>
		</Describe>
	</Skill>
	<Skill ID="307" Type="2" OfflineType="1" Range="0" Class="QiXing" Name="七星">
		<Describe>
			<![CDATA[游戏开始前，共发你11张牌，选4张作为手牌，其余的面朝下置于一旁（移出游戏），称之为“星”。每当你于摸牌阶段摸牌后，可用任意数量的手牌等量交换这些“星”。]]>
		</Describe>
	</Skill>
	<Skill ID="308" Type="2" OfflineType="1" Range="0" Class="KuangFeng" Name="狂风">
		<ActiveTip>请选择1张“星”卡牌，并且选择一名角色做为狂风的目标</ActiveTip>
		<Describe>
			<![CDATA[回合结束阶段，你可以弃掉1枚“星”指定一名角色：直到你的下回合开始，该角色每次受到的火焰伤害+1。]]>
		</Describe>
	</Skill>
	<Skill ID="309" Type="2" OfflineType="1" Range="0" Class="DaWu" Name="大雾">
		<ActiveTip>请选择1至{OutsideCardCount}张“星”卡牌，并且选择相应数量的角色做为大雾的目标</ActiveTip>
		<Describe>
			<![CDATA[回合结束阶段，你可以弃掉X枚“星”指定X名角色：直到你的下回合开始，防止他们受到的除雷电伤害外的一切伤害。]]>
		</Describe>
	</Skill>					
</Skills>	