<UpdateInfo>
	<Title>V2.12更新内容</Title>
	<Version>2.5</Version>
	<Content>
		<Theme title = "重点推荐">
			<Info title = "·新增武将——☆SP赵云、☆SP貂蝉"><![CDATA[]]></Info>
			<Info title = "·新增武将——SP庞德、SP贾诩"><![CDATA[]]></Info>
			<Info title = "·新增战功——新增☆SP赵云、☆SP貂蝉战功"><![CDATA[]]></Info>
			<Info title = "·SP选将机制——更新SP选将方式"><![CDATA[]]></Info>
		</Theme>
		<Theme title = "热点优化">
			<Info title = "·快捷工具栏——新增牌局中的快捷工具栏"><![CDATA[]]></Info>
			<Info title = "·1V1四禁——新增1V1比赛可选四禁功能"><![CDATA[]]></Info>
			<Info title = "·新手教学——增加基本牌使用教学"><![CDATA[]]></Info> 
			<Info title = "·礼包优化——增加礼包获取方式"><![CDATA[]]></Info>
			<Info title = "·会员系统——增加会员专属背景与装备特效"><![CDATA[]]></Info>
			<Info title = "·角色系统——增加升级特效"><![CDATA[]]></Info>
			<Info title = "·商城操作——简化商城使用方式"><![CDATA[]]></Info>
			<Info title = "·状态标记——优化牌局中的状态标记"><![CDATA[]]></Info>
			<Info title = "·音效——新增游戏开始与结束时的音效"><![CDATA[]]></Info>
		</Theme>		
	</Content>
</UpdateInfo>				